Journal,Title,Link,Category
QJE,﻿The Badly Behaved Production Function: A Further Comment,https://doi.org/10.2307/1884440,Production Function
QJE,The Badly Behaved Production Function: Comment,https://doi.org/10.2307/1879526,Production Function
QJE,The Badly Behaved Production Function,https://doi.org/10.2307/1885579,Production Function
QJE,The Production Function for Australian Manufacturing,https://doi.org/10.2307/1883031,Production Function
QJE,Capacity Utilization and Production Function Estimation in Postwar American Manufacturing,https://doi.org/10.2307/1885895,Production Function
QJE,Ownership and the Production Function,https://doi.org/10.2307/1879674,Production Function
QJE,The Statistical Production Function,https://doi.org/10.2307/1883295,Production Function
QJE,Experimental Estimates of Education Production Functions,https://doi.org/10.1162/003355399556052,Production Function
QJE,The Shape of Production Functions and the Direction of Technical Change,https://doi.org/10.1093/qje/120.2.517,Production Function
QJE,Engineering Production Functions,https://doi.org/10.2307/1882136,Production Function
QJE,Factor Prices Not Equalized,https://doi.org/10.2307/1879323,Production Function
QJE,Tradeoff Between Aggregate Efficiency and Interregional Equity: A Static Analysis,https://doi.org/10.2307/1885584,Production Function
QJE,Productivity Change and Labor Absorption in Japanese Cotton Spinning 1891–1935,https://doi.org/10.2307/1885414,Production Function
QJE,The Austrian Theory of Capital in Relation to Partial Equilibrium Theory,https://doi.org/10.2307/1882345,Production Function
QJE,Optimal Resilience in Multitier Supply Chains,https://doi.org/10.1093/qje/qjae024,Production Function
QJE,Capital is Back: Wealth-Income Ratios in Rich Countries 1700–2010,https://doi.org/10.1093/qje/qju018,Production Function
QJE,"Monopolistic Competition, Risk Aversion, and Equilibrium Recessions",https://doi.org/10.2307/2937879,Production Function
QJE,"Layoff Unemployment, Risk Shifting, and Productivity",https://doi.org/10.2307/1880755,Production Function
QJE,"Sources of Agricultural Growth in Japan, 1880–1965",https://doi.org/10.2307/1881945,Production Function
QJE,"Risk Aversion, Supply Response, and the Optimality of Random Prices: A Diagrammatic Analysis",https://doi.org/10.2307/1882624,Production Function
QJE,Prices and Wages under Bilateral Monopoly,https://doi.org/10.2307/1885048,Production Function
QJE,The Measurement of Productive Efficiency: A Reconsideration,https://doi.org/10.2307/1882683,Production Function
QJE,Capital Formation and Economic Growth in China,https://doi.org/10.2307/2118409,Production Function
QJE,Recombinant Growth,https://doi.org/10.1162/003355398555595,Production Function
QJE,Growth Empirics: A Panel Data Approach,https://doi.org/10.2307/2946651,Production Function
QJE,Coordinating Coordination Failures in Keynesian Models,https://doi.org/10.2307/1885539,Production Function
QJE,The Theory of Domestic Content Protection and Content Preference,https://doi.org/10.2307/1880742,Production Function
QJE,"Some Additional Results on Investment, Risk Taking, and Full Loss Offset Corporate Taxation with Interest Deductibility",https://doi.org/10.2307/1880744,Production Function
QJE,"Teacher Quality in Educational Production: Tracking, Decay, and Student Achievement",https://doi.org/10.1162/qjec.2010.125.1.175,Production Function
QJE,The O-Ring Theory of Economic Development,https://doi.org/10.2307/2118400,Production Function
QJE,“Inferior” Factors of Production,https://doi.org/10.2307/1891132,Production Function
QJE,Efficiency Loss from Resource Misallocation in Soviet Industry,https://doi.org/10.2307/1886020,Production Function
QJE,Efficient Tax Reform in a Dynamic Model of General Equilibrium,https://doi.org/10.2307/1885385,Production Function
QJE,Some Econometrics of Growth: Great Ratios of Economics,https://doi.org/10.2307/1884198,Production Function
QJE,Is Unemployment Lower if Unions Bargain over Employment?,https://doi.org/10.2307/2937898,Production Function
QJE,A Formal Outline of a Smithian Growth Model,https://doi.org/10.2307/1880528,Production Function
QJE,Bilateral Monopoly and the Competitive Output,https://doi.org/10.2307/1882261,Production Function
QJE,A Microfoundation for Social Increasing Returns in Human Capital Accumulation,https://doi.org/10.2307/2946672,Production Function
QJE,The Neoclassical Postulate and the Technology Frontier in Capital Theory,https://doi.org/10.2307/1881941,Production Function
QJE,External Economies of Scale and Competitive Equilibrium,https://doi.org/10.2307/1879425,Production Function
QJE,Further Measurements of Marginal Productivity,https://doi.org/10.2307/1882449,Production Function
QJE,A Contribution to the Theory of Business Cycles,https://doi.org/10.2307/2118375,Production Function
QJE,Full Capacity vs. Full Employment Growth,https://doi.org/10.2307/1883599,Production Function
QJE,Production Isoquants and the Analysis of Technological and Technical Change,https://doi.org/10.2307/1880504,Production Function
QJE,"Usher and Schumpeter on Invention, Innovation and Technological Change: Comment",https://doi.org/10.2307/1883211,Production Function
QJE,Choice of Technology in Low-Wage Countries: A Nonneoclassical Approach,https://doi.org/10.2307/1884473,Production Function
QJE,The Effect of Uncertainty on Resource Allocation in a General Equilibrium Model,https://doi.org/10.2307/1885932,Production Function
QJE,The Unimportance of Reswitching,https://doi.org/10.2307/1881707,Production Function
QJE,The Dynamic Demand for Capital and Labor,https://doi.org/10.2307/1885695,Production Function
QJE,"Capital Intensity, Aggregation, and Consumption Behavior",https://doi.org/10.2307/1884476,Production Function
QJE,A Note on the Theory of Economic Growth,https://doi.org/10.2307/1879638,Production Function
QJE,Reply,https://doi.org/10.2307/1883212,Production Function
QJE,On Embodiment and Savings,https://doi.org/10.2307/1879404,Production Function
QJE,The Theory of Investment and Production,https://doi.org/10.2307/1883826,Production Function
QJE,"Usher and Schumpeter on Invention, Innovation, and Technological Change",https://doi.org/10.2307/1884305,Production Function
QJE,Factor Proportions and Comparative Advantage: Part I,https://doi.org/10.2307/1884264,Production Function
QJE,The Meaning of the Fitted Cobb-Douglas Function,https://doi.org/10.2307/1885710,Production Function
QJE,International Trade Theory without Homogeneity: A Comment,https://doi.org/10.2307/1882189,Production Function
QJE,The Elasticity of Substitution and the Savings Ratio in the Neoclassical Theory of Growth,https://doi.org/10.2307/1882709,Production Function
QJE,The Supply of Urban Housing,https://doi.org/10.2307/1886040,Production Function
QJE,"Workers, Machines, and Economic Growth",https://doi.org/10.1162/003355398555847,Production Function
QJE,Further Comment,https://doi.org/10.2307/1882067,Production Function
QJE,On the Sensitivity of the Level of Output to Savings: Embodiment and Disembodiment: A Clarificatory Note,https://doi.org/10.2307/1883092,Production Function
QJE,Productivity Growth and Materials Use in U. S. Manufacturing,https://doi.org/10.2307/1884648,Production Function
QJE,The Theory of Capital Utilization in Labor-Managed Enterprises,https://doi.org/10.2307/1885977,Production Function
QJE,The Rise of Market Power and the Macroeconomic Implications,https://doi.org/10.1093/qje/qjz041,Production Function
QJE,The Mathematical Foundations of Economic Theory,https://doi.org/10.2307/1882736,Production Function
QJE,Role of Education in Production: A Slightly New Approach,https://doi.org/10.2307/1885505,Production Function
QJE,The Global Decline of the Labor Share,https://doi.org/10.1093/qje/qjt032,Production Function
QJE,Equilibrium Growth in a Model with Economic Obsolescence of Machines,https://doi.org/10.2307/1883086,Production Function
QJE,The Theory of Relative Shares: Comment,https://doi.org/10.2307/1880661,Production Function
QJE,International Trade Theory Without Homogeneity,https://doi.org/10.2307/1881840,Production Function
QJE,Alternative Profit Criteria,https://doi.org/10.2307/1884358,Production Function
QJE,"Productivity Change in British Pig Iron, 1870–1939",https://doi.org/10.2307/1885898,Production Function
QJE,Towards a More General Model of Land Tenancy and Reform,https://doi.org/10.2307/1882025,Production Function
QJE,"Entry Deterrence, Divisionalization, and Investment Decisions",https://doi.org/10.2307/2937918,Production Function
QJE,"Entry Deterrence, Divisionalization, and Investment Decisions",https://doi.org/10.2307/2937918,Production Function
QJE,Two-Stage Expenditure Minimization and some Welfare Applications,https://doi.org/10.2307/1885881,Production Function
QJE,A Growth Model for a Tenured-labor-managed Firm: Reply,https://doi.org/10.2307/1886029,Production Function
QJE,The Optimality of Pure Competition in the Capacity Problem: Comment,https://doi.org/10.2307/1885590,Production Function
QJE,Productivity and City Size: A Critique of the Evidence,https://doi.org/10.2307/1880747,Production Function
QJE,Sources of Growth in Less Developed Countries: A Cross-Section Study,https://doi.org/10.2307/1885929,Production Function
QJE,On the Sensitivity of the Level of Output to Savings: Embodiment and Disembodiment,https://doi.org/10.2307/1884816,Production Function
QJE,A Multisectoral Model of Growth,https://doi.org/10.2307/1880819,Production Function
QJE,Allocative Efficiency: The Role of Human Capital,https://doi.org/10.2307/1883138,Production Function
QJE,A Note on the Theory of Investment and Production,https://doi.org/10.2307/1884310,Production Function
QJE,Tax Incidence in a Growing Economy with Variable Factor Supply,https://doi.org/10.2307/1881822,Production Function
QJE,A Note on Professor Fei's “Per Capita Consumption and Growth”,https://doi.org/10.1093/qje/85.4.704,Production Function
QJE,A Utilitarian Approach to the Concept of Equality in Public Expenditures,https://doi.org/10.2307/1885930,Production Function
QJE,On the Measurement of Education's Contribution to Growth,https://doi.org/10.2307/1880531,Production Function
QJE,Some Skeptical Thoughts on the Theory of Induced Innovation,https://doi.org/10.2307/1882184,Production Function
QJE,Tax Neutrality in the Presence of Adjustment Costs,https://doi.org/10.2307/1881785,Production Function
QJE,Intermediate Goods in International Trade with Variable Proportions and Two Primary Inputs,https://doi.org/10.2307/1880702,Production Function
QJE,Location and the Theory of Production,https://doi.org/10.2307/1880599,Production Function
QJE,A Growth Model for a Tenured-labor-managed Firm: Comment,https://doi.org/10.2307/1886028,Production Function
QJE,The Effects of Pollution Taxation on the Pattern of Resource Allocation: The Downstream Diffusion Case,https://doi.org/10.2307/1885885,Production Function
QJE,A Growth Model for a Tenured-labor-managed Firm: Comment,https://doi.org/10.2307/1886028,Production Function
QJE,Growth Empirics: A Panel Data Approach—A Reply,https://doi.org/10.1162/003355398555513,Production Function
QJE,Misallocation in the Market for Inputs: Enforcement and the Organization of Production,https://doi.org/10.1093/qje/qjaa020,Production Function
QJE,The Stability of Growth Equilibrium: Comment,https://doi.org/10.2307/1879636,Production Function
QJE,Full Capacity vs. Full Employment Growth: Comment,https://doi.org/10.2307/1883600,Production Function
QJE,The Value of Life and the Rise in Health Spending,https://doi.org/10.1162/qjec.122.1.39,Production Function
QJE,The Anatomy of Market Failure,https://doi.org/10.2307/1882231,Production Function
QJE,A Method for Determining the Appropriateness of National Planning in a Market Economy,https://doi.org/10.2307/1885499,Production Function
QJE,The Skill Complementarity of Broadband Internet,https://doi.org/10.1093/qje/qjv028,Production Function
QJE,Heckscher-Ohlin Trade Theory with a Continuum of Goods,https://doi.org/10.2307/1885496,Production Function
QJE,Employment Subsidies and the Theory of Minimum Wage Rates in General Equilibrium,https://doi.org/10.2307/1883148,Production Function
QJE,Innovation in the Capitalist Process: A Critique of the Schumpeterian Theory,https://doi.org/10.2307/1882222,Production Function
QJE,Interest on Capital and Distribution: A Problem in the Theory of Marginal Productivity,https://doi.org/10.2307/1883881,Production Function
QJE,Nonconstant Returns to Scale and the Technical Change Frontier,https://doi.org/10.2307/1885934,Production Function
QJE,The Place of Money Capital in the Theory of Production,https://doi.org/10.2307/1884335,Production Function
QJE,"Investment Criteria, Productivity and Economic Development: Reinterpretation",https://doi.org/10.2307/1879481,Production Function
QJE,“The New View of Investment”: Comment,https://doi.org/10.2307/1880552,Production Function
QJE,Biased Technical Progress and A Neoclassical Theory of Economic Growth,https://doi.org/10.2307/1880548,Production Function
QJE,Generalized Findlay-Grubert Theorem,https://doi.org/10.2307/1885483,Production Function
QJE,A Contribution to the Empirics of Economic Growth,https://doi.org/10.2307/2118477,Production Function
QJE,The Relationship Between Firm Size and Factor Price,https://doi.org/10.2307/1879433,Production Function
QJE,The Opportunity Cost of Labor and the Returns to Education Under Unemployment and Labor Market Segmentation,https://doi.org/10.2307/1883154,Production Function
QJE,Measuring the Social Return to R&D,https://doi.org/10.1162/003355398555856,Production Function
QJE,Generalized Findlay-Grubert Theorem,https://doi.org/10.2307/1885483,Production Function
QJE,Multiple Expectational Equilibria Under Monopolistic Competition,https://doi.org/10.2307/1886070,Production Function
QJE,The Effects of Ad Valorem and Specific Taxes on Prices: Reply,https://doi.org/10.2307/1879681,Production Function
QJE,"Product Diversity, Economies of Scale, and International Trade",https://doi.org/10.2307/1885567,Production Function
QJE,Estimating the Costs of Protection: A General Equilibrium Approach,https://doi.org/10.2307/1884159,Production Function
QJE,"Taxes, Subsidies, and Employment",https://doi.org/10.2307/1882012,Production Function
QJE,The Role of Money in Economic Growth,https://doi.org/10.2307/1880799,Production Function
QJE,Sources of Growth Methodology in Low-Income Countries: A Critique,https://doi.org/10.2307/1885230,Production Function
QJE,Equilibrium Growth in the International Economy,https://doi.org/10.2307/1882708,Production Function
QJE,Toward a Neotechnology Theory of Comparative Costs,https://doi.org/10.2307/1885260,Production Function
QJE,Equipment Investment and Economic Growth: Reply,https://doi.org/10.2307/2118423,Production Function
QJE,"The Quarterly Journal of Economics, Volume 109, Issue 3, August 1994, Pages 803–807, https://doi.org/10.2307/2118423",.,Production Function
QJE,Economies of Scale: Some Statistical Evidence,https://doi.org/10.2307/1883722,Production Function
QJE,The Cost of Communication in Economic Organization,https://doi.org/10.2307/1881821,Production Function
QJE,Signaling in Credit Markets,https://doi.org/10.2307/1882644,Production Function
QJE,Variable Factor Proportions and Interindustry Flows in the Theory of International Trade,https://doi.org/10.2307/1879376,Production Function
QJE,The Theory of Saving and the Stability of Growth Equilibrium,https://doi.org/10.2307/1880534,Production Function
QJE,Waiting and the Period of Production,https://doi.org/10.2307/1880609,Production Function
QJE,The Theory of Saving and the Stability of Growth Equilibrium,https://doi.org/10.2307/1880534,Production Function
QJE,Monopoly under General Equilibrium: Comment,https://doi.org/10.2307/1882921,Production Function
QJE,Technical Change in an Evolutionary Model,https://doi.org/10.2307/1886088,Production Function
QJE,Growth Paths in the Solow Neoclassical Growth Model,https://doi.org/10.2307/1879405,Production Function
QJE,"Social Institutions, Imperfect Information, and the Distribution of Income",https://doi.org/10.2307/1884630,Production Function
QJE,The Productivity of Cities,https://doi.org/10.2307/1885259,Production Function
QJE,Why do Some Countries Produce So Much More Output Per Worker than Others?,https://doi.org/10.1162/003355399555954,Production Function
QJE,Transitional Dynamics in Two-Sector Models of Endogenous Growth,https://doi.org/10.2307/2118407,Production Function
QJE,Exporting and Firm Performance: Evidence from a Randomized Experiment,https://doi.org/10.1093/qje/qjx002,Production Function
QJE,When Did Growth Begin? New Estimates of Productivity Growth in England from 1250 to 1870,https://doi.org/10.1093/qje/qjae046,Production Function
QJE,A Contribution to the Theory of Economic Growth,https://doi.org/10.2307/1884513,Production Function
QJE,Choice of Capital Intensity Further Considered,https://doi.org/10.2307/1880615,Production Function
QJE,Procyclical Productivity: Increasing Returns or Cyclical Utilization?,https://doi.org/10.2307/2946670,Production Function
QJE,"Notes on Advertising, Economies of Scale, and Entry Barriers",https://doi.org/10.2307/1885090,Production Function
QJE,Capital Allocation and Productivity in South Europe,https://doi.org/10.1093/qje/qjx024,Production Function
QJE,A Note on Marshallian Process Under Increasing Returns,https://doi.org/10.2307/1879402,Production Function
QJE,The Fair Wage-Effort Hypothesis and Unemployment,https://doi.org/10.2307/2937787,Production Function
QJE,Capital Allocation and Productivity in South Europe,https://doi.org/10.1093/qje/qjx024,Production Function
QJE,"Walras, Leontief, and the Interdependence of Economic Activities",https://doi.org/10.2307/1881967,Production Function
QJE,The Fall of the Labor Share and the Rise of Superstar Firms,https://doi.org/10.1093/qje/qjaa004,Production Function
QJE,"The Division of Labor, Coordination Costs, and Knowledge",https://doi.org/10.2307/2118383,Production Function
QJE,"Raw Materials, Profits, and the Productivity Slowdown",https://doi.org/10.2307/1885718,Production Function
QJE,The Effects of Ad Valorem and Specific Taxes on Prices: Comment,https://doi.org/10.2307/1879680,Production Function
QJE,How Teachers' Unions Affect Education Production,https://doi.org/10.2307/2946669,Production Function
QJE,Strategic Aspects of Taxation on Foreign Investment Income,https://doi.org/10.2307/1880725,Production Function
QJE,Equilibrium Dynamics with Heterogeneous Capital Goods,https://doi.org/10.2307/1882919,Production Function
QJE,"Competition in Salaries, Credentials, and Signaling Prerequisites for Jobs",https://doi.org/10.2307/1886086,Production Function
QJE,The Structure of Fiscal Models,https://doi.org/10.2307/1880654,Production Function
QJE,Toward a More General Model of Land Tenancy and Reform: Comment,https://doi.org/10.2307/1880750,Production Function
QJE,Economic Integration and Endogenous Growth,https://doi.org/10.2307/2937946,Production Function
QJE,“Competitive” Output in Bilateral Monopoly,https://doi.org/10.2307/1884395,Production Function
QJE,Professor Knight's Capital Theory: A Note in Reply,https://doi.org/10.2307/1882614,Production Function
QJE,Negative Value Added and the Theory of Effective Protection,https://doi.org/10.2307/1880529,Production Function
QJE,"Information Technology, Workplace Organization, and the Demand for Skilled Labor: Firm-Level Evidence",https://doi.org/10.1162/003355302753399526,Production Function
QJE,Domestic Policies and Foreign Resource Requirements,https://doi.org/10.2307/2936138,Production Function
QJE,On Theories of Acceleration and Growth,https://doi.org/10.2307/1884135,Production Function
QJE,Steady-State and Transient Relations: A Reply on Reswitching,https://doi.org/10.2307/1881708,Production Function
QJE,Can Union Labor Ever Cost Less?,https://doi.org/10.2307/1885067,Production Function
QJE,A Test of the Theory of Exhaustible Resources,https://doi.org/10.2307/2937909,Production Function
QJE,A Note on the Rules of Derived Demand,https://doi.org/10.2307/1880811,Production Function
QJE,"The Race Between Education, Technology, and the Minimum Wage",https://doi.org/10.1093/qje/qjaf014,Production Function
QJE,Technology and Decision Rules in the Theory of Investment Behavior,https://doi.org/10.2307/1882023,Production Function
QJE,A Modern Treatment of the Ricardian Economy: I. The Pricing of Goods and of Labor and Land Services,https://doi.org/10.2307/1883824,Production Function
QJE,Economies of Scale; Some Statistical Evidence: Comment,https://doi.org/10.2307/1884139,Production Function
QJE,Seniority and Distribution in a Two-Worker Trade Union,https://doi.org/10.2307/2937807,Production Function
QJE,Comment on the Theory and Measurement of Dynamic X-Efficiency,https://doi.org/10.2307/1880567,Production Function
QJE,The Role of Demand and Investment in Long-Term Growth,https://doi.org/10.2307/1879399,Production Function
QJE,A Dynamic Model of Investment and Capacity Utilization,https://doi.org/10.2307/1882679,Production Function
QJE,“The New View of Investment”: Reply,https://doi.org/10.2307/1880553,Production Function
QJE,Addition and Efficiency,https://doi.org/10.2307/1884181,Production Function
QJE,The Emergence of Chaos from Classical Economic Growth,https://doi.org/10.2307/1885621,Production Function
QJE,The Stability of Growth Equilibrium,https://doi.org/10.2307/1884251,Production Function
QJE,The Determination of Daily Hours and Wages,https://doi.org/10.2307/1882185,Production Function
QJE,Optimum Population in Rural Areas: Empirical Evidence from the Franc Zone,https://doi.org/10.2307/1885413,Production Function
QJE,Optimum Population in Rural Areas: Empirical Evidence from the Franc Zone,https://doi.org/10.2307/1885413,Production Function
QJE,Intermediate Products and Differential Tariffs: A Generalization of Lerner's Symmetry Theorem,https://doi.org/10.2307/1882917,Production Function
QJE,Biased Technological Progress and Labor Force Growth in a Dualistic Economy,https://doi.org/10.2307/1880802,Production Function
QJE,The Impact of Monopoly Pricing on the Lerner Symmetry Theorem,https://doi.org/10.2307/1884694,Production Function
QJE,Full Capacity vs. Full Employment Growth: Some Further Remarks,https://doi.org/10.2307/1881882,Production Function
QJE,The Effects of Joining Multinational Supply Chains: New Evidence from Firm-to-Firm Linkages,https://doi.org/10.1093/qje/qjac006,Production Function
QJE,An Aggregate Model of Technical Change,https://doi.org/10.2307/2937868,Production Function
QJE,The Existence of Golden Ages and Stability in the Two-Sector Model,https://doi.org/10.2307/1879678,Production Function
QJE,The Optimality of Pure Competition in the Capacity Problem,https://doi.org/10.2307/1882920,Production Function
QJE,A Production Theory Perspective on Collective Choice Theory,https://doi.org/10.2307/1883120,Production Function
QJE,"Shadow Pricing, Information, and Stability in a Simple Open Economy",https://doi.org/10.2307/1886000,Production Function
QJE,Reply,https://doi.org/10.2307/1879637,Production Function
QJE,"Oil Prices, Welfare, and the Trade Balance",https://doi.org/10.2307/1883119,Production Function
QJE,Multiple Incentive Fee Maximization: An Economic Model,https://doi.org/10.2307/1879451,Production Function
QJE,Nontraded Goods and Macroeconomic Policy Under a Fixed Exchange Rate,https://doi.org/10.2307/1885978,Production Function
QJE,"When Higher Incomes Reduce Welfare: Queues, Labor Supply, and Macro Equilibrium in Socialist Economies",https://doi.org/10.2307/2118368,Production Function
QJE,Fiscal Policy in an Endogenous Growth Model,https://doi.org/10.2307/2118387,Production Function
QJE,Pricing the Limits to Growth from Minerals Depletion,https://doi.org/10.1162/003355399556025,Production Function
QJE,The Allocation of Talent: Implications for Growth,https://doi.org/10.2307/2937945,Production Function
QJE,"Wages, Profits, and the Dynamics of Growth",https://doi.org/10.2307/1880726,Production Function
QJE,Correcting the Ricardo Error Spotted in Harry Johnson's Maiden Paper,https://doi.org/10.2307/1885880,Production Function
QJE,Persistent Wage Dispersion and Involuntary Unemployment,https://doi.org/10.2307/2937912,Production Function
QJE,"Investment Criteria, Productivity and Economic Development: An Empirical Comment",https://doi.org/10.2307/1880821,Production Function
QJE,A Note on Optimal Policies in Dual Economies,https://doi.org/10.1093/qje/100.Supplement.1067,Production Function
QJE,Incidence Analysis of a Sector-Specific Minimum Wage in a Two-Sector Harris-Todaro Model,https://doi.org/10.2307/1885742,Production Function
QJE,"The Social Discount Rate, Consumption, and Capital",https://doi.org/10.2307/1881797,Production Function
QJE,Human Capital Risk and Economic Growth,https://doi.org/10.1162/003355303321675491,Production Function
QJE,Scale of Output and Internal Organization of the Firm,https://doi.org/10.2307/1884849,Production Function
QJE,The Welfare Effects of an Export Tax Levied on an Intermediate Good,https://doi.org/10.2307/1885998,Production Function
QJE,"Import Objective, Distortions, and Optimal Tax Structure: A Generalization",https://doi.org/10.2307/1886024,Production Function
QJE,A Note on X-Inefficiency,https://doi.org/10.2307/1881831,Production Function
QJE,Economic Growth and International Trade in Pure Theory,https://doi.org/10.2307/1885928,Production Function
QJE,Time Series Tests of Endogenous Growth Models,https://doi.org/10.2307/2118448,Production Function
QJE,A Socioeconomic Model of Induced Innovations for Argentine Agricultural Development,https://doi.org/10.2307/1882013,Production Function
QJE,Stock Market Optimality: Comment,https://doi.org/10.2307/1886091,Production Function
QJE,Limited Search and the Technology Choices of Multinational Firms in Brazil,https://doi.org/10.2307/1885417,Production Function
QJE,An Alternative Exposition of the Factor Price Equalization Theorem,https://doi.org/10.2307/1885140,Production Function
QJE,The Unequalizing Spiral: A First Growth Model for Belindia,https://doi.org/10.2307/1884627,Production Function
QJE,The Theory of Relative Shares,https://doi.org/10.2307/1879656,Production Function
QJE,Population and Development: A General Model,https://doi.org/10.2307/1879372,Production Function
QJE,Tax Incidence in a Life Cycle Model with Variable Labor Supply,https://doi.org/10.2307/1884477,Production Function
QJE,Limited Search and the Technology Choices of Multinational Firms in Brazil,https://doi.org/10.2307/1885417,Production Function
QJE,The Unequalizing Spiral: A First Growth Model for Belindia,https://doi.org/10.2307/1884627,Production Function
QJE,The Theory of Relative Shares,https://doi.org/10.2307/1879656,Production Function
QJE,Population and Development: A General Model,https://doi.org/10.2307/1879372,Production Function
QJE,"Organizational or Frictional Equilibria, X-Efficiency, and the Rate of Innovation",https://doi.org/10.2307/1885452,Production Function
QJE,Is Equilibrium Indexation Efficient?,https://doi.org/10.2307/1885114,Production Function
QJE,Nonlinear Prices and the Regulated Firm,https://doi.org/10.2307/1884641,Production Function
QJE,Investment-Cash Flow Sensitivities Are Not Valid Measures of Financing Constraints,https://doi.org/10.1162/003355300554782,Production Function
QJE,"Walras, Leontief, and the Interdependence of Economic Activities: Comment",https://doi.org/10.2307/1881999,Production Function
QJE,Price Regulation Under Uncertainty in an Asymmetric Decision Environment,https://doi.org/10.2307/1885106,Production Function
QJE,Optimal Financial Contracting with ex post and ex ante Observability Problems,https://doi.org/10.2307/2118490,Production Function
QJE,Professor Pigou's Theory of Unemployment,https://doi.org/10.2307/1884068,Production Function
QJE,A Note on the Progressivity of Optimal Public Expenditures,https://doi.org/10.2307/1881715,Production Function
QJE,Accelerated Investment as a Force in Economic Development: Reply,https://doi.org/10.2307/1880619,Production Function
QJE,Bottom-Up Markup Fluctuations,https://doi.org/10.1093/qje/qjaf029,Production Function
QJE,Linear Economics and the Boehm-Bawerk Period of Production,https://doi.org/10.2307/1881798,Production Function
QJE,Journal Article,https://doi.org/10.1093/qje/85.3.548,Production Function
QJE,Distortions in Production Networks,https://doi.org/10.1093/qje/qjaa018,Production Function
QJE,Economic Growth with Two Endogenous Factors,https://doi.org/10.2307/1879567,Production Function
QJE,International Specialization and the Concept of Balanced Growth: Reply,https://doi.org/10.2307/1883733,Production Function
QJE,Economic Growth with Two Endogenous Factors,https://doi.org/10.2307/1879567,Production Function
QJE,"J. S. Mill, Unions, and the Wages Fund Recantation: A Reinterpretation—Comment",https://doi.org/10.2307/1882685,Production Function
QJE,Employment and Industrialization: Reply,https://doi.org/10.2307/1884818,Production Function
QJE,An Optimal Taxation Approach to Fiscal Federalism,https://doi.org/10.2307/1881778,Production Function
QJE,Wage Bargaining in a Macroeconomic Model with Rationing,https://doi.org/10.2307/1884372,Production Function
QJE,The Anomalous Case of the Shifting Cost Curve,https://doi.org/10.2307/1884659,Production Function
QJE,Intertemporal Efficiency of Capital Accumulation and the von Neumann Ray,https://doi.org/10.2307/1880656,Production Function
QJE,The Proportionality Controversy and the Theory of Production,https://doi.org/10.2307/1881998,Production Function
QJE,Learning by Experience as Joint Production,https://doi.org/10.2307/1880798,Production Function
QJE,The Optimality of Pure Competition in the Capacity Problem: Reply,https://doi.org/10.2307/1885591,Production Function
QJE,An Optimal Unemployment Rate: Reply,https://doi.org/10.2307/1880537,Production Function
QJE,Unionization and Productivity: Micro-Econometric Evidence,https://doi.org/10.2307/1885484,Production Function
QJE,Reply,https://doi.org/10.2307/1883210,Production Function
QJE,Financial Incentives and Student Achievement: Evidence from Randomized Trials,https://doi.org/10.1093/qje/qjr045,Production Function
QJE,Measuring and Explaining Management Practices Across Firms and Countries,https://doi.org/10.1162/qjec.2007.122.4.1351,Production Function
QJE,"Capital Heterogeneity, Aggregation, and the Two-Sector Model",https://doi.org/10.2307/1881713,Production Function
QJE,"Random Variations, Risk, and Returns to Scale",https://doi.org/10.2307/1881879,Production Function
QJE,Real and Monetary Factors in the Determination of Employment Levels,https://doi.org/10.2307/1882944,Production Function
QJE,Unionized Construction Workers are More Productive,https://doi.org/10.2307/1885525,Production Function
QJE,Financial Market Imperfections and Business Cycles,https://doi.org/10.2307/2118496,Production Function
QJE,Transition Losses of Partially Mobile Industry-Specific Capital,https://doi.org/10.2307/1885569,Production Function
QJE,A Reformulation of Certain Aspects of Welfare Economics,https://doi.org/10.2307/1881737,Production Function
QJE,The Economics of Joint Ventures in Less Developed Countries,https://doi.org/10.2307/1885725,Production Function
QJE,The Effects of Unionization on the Distribution of Income: A General Equilibrium Approach,https://doi.org/10.2307/1880839,Production Function
QJE,Per Capita Consumption and Growth,https://doi.org/10.2307/1880512,Production Function
QJE,Oil Refining: Cross-Elasticities of Supply,https://doi.org/10.2307/1879534,Production Function
QJE,Economies of Scale: Some Statistical Evidence: Reply,https://doi.org/10.2307/1883064,Production Function
QJE,Material Balances Under Uncertainty,https://doi.org/10.2307/1880704,Production Function
QJE,The Aggregative Structure of Keynes's General Theory,https://doi.org/10.2307/1886039,Production Function
QJE,Optimal Aggregative Development of a Skilled Work Force,https://doi.org/10.2307/1885271,Production Function
QJE,Regional Allocation of Investment: Comment,https://doi.org/10.2307/1879665,Production Function
QJE,"Investment Criteria, Productivity and Economic Development: Reply",https://doi.org/10.2307/1879482,Production Function
QJE,Skill-Biased Organizational Change? Evidence from A Panel of British and French Establishments,https://doi.org/10.1162/003355301753265624,Production Function
QJE,Is There Value-Added from the Review Process in Economics?: Preliminary Evidence from Authors,https://doi.org/10.2307/2937790,Production Function
QJE,"Balanced Growth and the Two-Good, Two-Factor General Equilibrium Model",https://doi.org/10.2307/1885139,Production Function
QJE,The Tyranny of Numbers: Confronting the Statistical Realities of the East Asian Growth Experience,https://doi.org/10.2307/2946695,Production Function
QJE,Why Do People Stay Poor?,https://doi.org/10.1093/qje/qjab045,Production Function
QJE,"Constant Proportions, Fixed Plant and the Optimum Conditions of Production",https://doi.org/10.2307/1882260,Production Function
QJE,International Specialization and the Concept of Balanced Growth: Comment,https://doi.org/10.2307/1883732,Production Function
QJE,Why Do People Stay Poor?,https://doi.org/10.1093/qje/qjab045,Production Function
QJE,A Nonsubstitution Theorem and Switching of Techniques,https://doi.org/10.2307/1880514,Production Function
QJE,Skilled Labor-Augmenting Technical Progress in U. S. Manufacturing,https://doi.org/10.1162/003355398555810,Production Function
QJE,Time-Separable Preferences and Intertemporal-Substitution Models of Business Cycles,https://doi.org/10.2307/1883127,Production Function
QJE,Cost of Price Stabilization Policies in a Strongly Inflationary Economy,https://doi.org/10.2307/1885223,Production Function
QJE,"Discrimination, Nepotism, and Long-Run Wage Differentials",https://doi.org/10.2307/1880760,Production Function
QJE,"Relative Backwardness, Direct Foreign Investment, and the Transfer of Technology: A Simple Dynamic Model",https://doi.org/10.2307/1885996,Production Function
QJE,Diminishing Returns and the Relative Share of Labor,https://doi.org/10.2307/1883608,Production Function
QJE,A Note on Professor Solow's Growth Model,https://doi.org/10.2307/1884344,Production Function
QJE,Social Security and Equilibrium Capital Intensity,https://doi.org/10.2307/1883193,Production Function
QJE,The Economics of Caste and of the Rat Race and Other Woeful Tales,https://doi.org/10.2307/1885324,Production Function
QJE,"Intermediate Goods, the Production Possibility Curve, and Gains from Trade",https://doi.org/10.2307/1883998,Production Function
QJE,Paradoxes in Capital Theory: A Symposium: Changes in the Rate of Profit and Switches of Techniques,https://doi.org/10.2307/1882911,Production Function
QJE,Human Capital and Regional Development,https://doi.org/10.1093/qje/qjs050,Production Function
QJE,The Contribution of Changing Energy and Import Prices to Changing Average Labor Productivity: A Profit Formulation for Canada,https://doi.org/10.2307/1884373,Production Function
QJE,"Capital Accumulation, Labor Saving, and Labor Absorption Once More",https://doi.org/10.2307/1881839,Production Function
QJE,Commercial Policy and Aggregate Employment Under Rational Expectations,https://doi.org/10.2307/1885965,Production Function
QJE,Ethnic Capital and Intergenerational Mobility,https://doi.org/10.2307/2118325,Production Function
QJE,A Note on the Global Stability of a Simple Growth Model with Many Capital Goods,https://doi.org/10.2307/1879605,Production Function
QJE,The Income Distribution as a Pure Public Good: A Response,https://doi.org/10.2307/1882194,Production Function
QJE,The Income Distribution as a Pure Public Good: A Response,https://doi.org/10.2307/1882194,Production Function
QJE,Solow and Stiglitz on Employment and Distribution: A New Romance with an Old Model?,https://doi.org/10.2307/1879407,Production Function
QJE,Proximity and Investment: Evidence from Plant-Level Data,https://doi.org/10.1093/qje/qjs073,Production Function
QJE,The Micro-Level Anatomy of the Labor Share Decline,https://doi.org/10.1093/qje/qjab002,Production Function
QJE,Mr. Sraffa's Standard Commodity and the Rate of Exploitation,https://doi.org/10.2307/1884691,Production Function
QJE,Reassessing the Social Returns to Equipment Investment,https://doi.org/10.2307/2118422,Production Function
QJE,Rejoinder,https://doi.org/10.2307/1880808,Production Function
QJE,The Global Stability of Two-Class Neoclassical Growth,https://doi.org/10.2307/1882052,Production Function
QJE,The Effects of Class Size on Student Achievement: New Evidence from Population Variation,https://doi.org/10.1162/003355300555060,Production Function
QJE,Sorting and Long-Run Inequality,https://doi.org/10.1162/003355301753265589,Production Function
QJE,The Efficient Allocation of Resources in Education,https://doi.org/10.2307/1879582,Production Function
QJE,Power in a Theory of the Firm,https://doi.org/10.1162/003355398555630,Production Function
QJE,Disequilibrium Dynamics and the Stability of Quasi Equilibria,https://doi.org/10.2307/1884370,Production Function
QJE,The Acceleration Principle Reconsidered,https://doi.org/10.2307/1885334,Production Function
QJE,Specific Taxes and the Control of Pollution: A General Equilibrium Analysis,https://doi.org/10.2307/1882022,Production Function
QJE,Full Employment and Constant Coefficients of Production,https://doi.org/10.2307/1884848,Production Function
QJE,On Measuring Productive Potential and Relative Efficiency,https://doi.org/10.2307/1885133,Production Function
QJE,A Growth Model for a Tenured-Labor-Managed Firm,https://doi.org/10.2307/1885085,Production Function
QJE,Monopolistic Competition as a Foundation for Keynesian Macroeconomic Models,https://doi.org/10.2307/2937865,Production Function
QJE,"A Near-Rational Model of the Business Cycle, with Wage and Price Inertia",https://doi.org/10.1093/qje/100.Supplement.823,Production Function
QJE,"Inflation, Employment, and the Dutch Disease in Oil-Exporting Countries: A Short-Run Disequilibrium Analysis",https://doi.org/10.2307/1885524,Production Function
QJE,Switching of Techniques,https://doi.org/10.2307/1882915,Production Function
QJE,An Optimal Unemployment Rate,https://doi.org/10.2307/1885585,Production Function
QJE,Income Taxation and Capital Accumulation,https://doi.org/10.2307/1886090,Production Function
QJE,The Theory of Relative Shares: Reply,https://doi.org/10.2307/1880662,Production Function
QJE,Offshoring in a Knowledge Economy,https://doi.org/10.1093/qje/121.1.31,Production Function
QJE,Dams,https://doi.org/10.1162/qjec.122.2.601,Production Function
QJE,"Distributional Growth Accounting: Education and the Reduction of Global Poverty, 1980–2019",https://doi.org/10.1093/qje/qjaf033,Production Function
QJE,Short-Run Expectational Coordination: Fixed Versus Flexible Wages,https://doi.org/10.1162/00335530152466322,Production Function
QJE,Why has CEO Pay Increased So Much?,https://doi.org/10.1162/qjec.2008.123.1.49,Production Function
QJE,"The Theory of Marginal Productivity Tested by Data for Manufacturing in Victoria, I",https://doi.org/10.2307/1884498,Production Function
QJE,Educational Production,https://doi.org/10.1162/00335530152466232,Production Function
QJE,Foreign Exchange Shadow Prices: A Critical Review of Current Theories,https://doi.org/10.2307/1880701,Production Function
QJE,Uninsured Idiosyncratic Risk and Aggregate Saving,https://doi.org/10.2307/2118417,Production Function
QJE,The New View of Investment: A Neoclassical Analysis,https://doi.org/10.2307/1879546,Production Function
QJE,The Elusive Costs of Inflation: Price Dispersion during the U.S. Great Inflation,https://doi.org/10.1093/qje/qjy017,Production Function
QJE,The Wage Policy of a Firm,https://doi.org/10.2307/2118352,Production Function
QJE,Time Inconsistency of Protectionist Programs,https://doi.org/10.2307/2937937,Production Function
QJE,The Capital Market and Income Distribution in Yugoslavia: A Theoretical and Empirical Analysis,https://doi.org/10.2307/1885261,Production Function
QJE,Market Structure and Technological Progress: The Influence of Monopoly on Product Innovation,https://doi.org/10.2307/1880843,Production Function
QJE,Market Structure and Technological Progress: The Influence of Monopoly on Product Innovation,https://doi.org/10.2307/1880843,Production Function
QJE,Factor Market Dynamics and the Incidence of Taxes and Subsidies,https://doi.org/10.2307/1885490,Production Function
QJE,General Equilibrium Wage and Price Distributions,https://doi.org/10.2307/1884174,Production Function
QJE,Import Quotas and the Product Cycle,https://doi.org/10.2307/1884220,Production Function
QJE,The Interaction of Taxes and Inflation in a Macroeconomic Model,https://doi.org/10.2307/1880756,Production Function
QJE,Substitution and Supply Elasticities in Calculating the Effective Protective Rate,https://doi.org/10.2307/1879601,Production Function
QJE,The Complementarity of Public and Private Capital and the Optimal Rate of Return to Government Investment,https://doi.org/10.2307/1885887,Production Function
QJE,Competitive Equilibria under Uncertainty,https://doi.org/10.2307/1885449,Production Function
QJE,"Proportionality, Divisibility and Economies of Scale",https://doi.org/10.2307/1883221,Production Function
QJE,"Factor Market Distortions, Production, Distribution, and the Pure Theory of International Trade",https://doi.org/10.2307/1882271,Production Function
QJE,A Theoretical Explanation of Some Stylized Facts of Economic Growth,https://doi.org/10.2307/1885542,Production Function
QJE,“Equilibrium in Multi-Process Industries” — Further Comments,https://doi.org/10.2307/1880683,Production Function
QJE,Unscrambling Chaos Through Thick and Thin,https://doi.org/10.2307/1891123,Production Function
QJE,Brief Comments,https://doi.org/10.2307/1881709,Production Function
QJE,The Limitations of Pigouvian Taxes as a Long-Run Remedy for Externalities: Comment,https://doi.org/10.2307/1885700,Production Function
QJE,The Cost of Production of Capital,https://doi.org/10.2307/1879647,Production Function
QJE,Economies of Scale: Some Statistical Evidence: Comment,https://doi.org/10.2307/1883063,Production Function
QJE,Dimensions of Postwar Philippine Economic Progress,https://doi.org/10.2307/1883995,Production Function
QJE,Tarde and Schumpeter: A Similar Vision,https://doi.org/10.2307/1884391,Production Function
QJE,Moore's Synthetic Economics,https://doi.org/10.2307/1884028,Production Function
QJE,Tarde and Schumpeter: A Similar Vision,https://doi.org/10.2307/1884391,Production Function
QJE,Moore's Synthetic Economics,https://doi.org/10.2307/1884028,Production Function
QJE,"International Factor Mobility, Minimum Wage Rates, and Factor-Price Equalization: A Synthesis",https://doi.org/10.2307/1884369,Production Function
QJE,The Use of Endogenous Variables in Dynamic Models of Investment,https://doi.org/10.2307/1885451,Production Function
QJE,Internal Migration and Economic Development in Brazil,https://doi.org/10.2307/1886089,Production Function
QJE,Can the Production Smoothing Model of Inventory Behavior be Saved?,https://doi.org/10.2307/1885691,Production Function
QJE,Equipment Investment and Economic Growth,https://doi.org/10.2307/2937944,Production Function
QJE,Journal Article,https://doi.org/10.1093/qje/85.1.194,Production Function
QJE,The Fundamental Assumption of Mr. Keynes' Monetary Theory of Unemployment,https://doi.org/10.2307/1882507,Production Function
QJE,Full Capacity vs. Full Employment Growth: Further Comment,https://doi.org/10.2307/1883601,Production Function
QJE,Threshold Externalities in Economic Development,https://doi.org/10.2307/2937797,Production Function
QJE,Empirical Support for the Theory of Induced Innovations,https://doi.org/10.2307/1882269,Production Function
QJE,Journal Article,https://doi.org/10.1093/qje/83.3.529,Production Function
QJE,Journal Article,https://doi.org/10.1093/qje/79.3.505,Production Function
QJE,Accounting for the Effect Of Health on Economic Growth,https://doi.org/10.1162/qjec.122.3.1265,Production Function
QJE,Implicit Theorizing: A Methodological Criticism of the Neo-Cambridge School,https://doi.org/10.2307/1882092,Production Function
QJE,Some Long-Run Implications of Border Tax Adjustments for Factor Taxes,https://doi.org/10.2307/1885882,Production Function
QJE,Estimating a Firm's Age-Productivity Profile Using the Present Value of Workers' Earnings,https://doi.org/10.2307/2118386,Production Function
QJE,Schumpeter and the Underdeveloped Countries,https://doi.org/10.2307/1885132,Production Function
QJE,The Evolution of Market Power in the U.S. Automobile Industry,https://doi.org/10.1093/qje/qjad047,Production Function
QJE,The Evolution of Market Power in the U.S. Automobile Industry,https://doi.org/10.1093/qje/qjad047,Production Function
QJE,Women's Liberation: What's in It for Men?,https://doi.org/10.1162/qjec.2009.124.4.1541,Production Function
QJE,Technological Change and the Equilibrium Level of the National Income,https://doi.org/10.2307/1882840,Production Function
QJE,Aggregation and the Estimation of Quality Change: Application to U.S. Import Prices,https://doi.org/10.1093/qje/qjaf032,Production Function
QJE,Domestic Policies and Foreign Resource Requirements: Comment,https://doi.org/10.2307/1885728,Production Function
QJE,"Domestic Resource Costs, Effective Rates of Protection, and Project Analysis in Tariff-Distorted Economies",https://doi.org/10.2307/1884615,Production Function
QJE,"Walras, Leontief, and the Interdependence of Economic Activities: Reply",https://doi.org/10.2307/1882000,Production Function
QJE,The Commons and the Optimal Number of Firms,https://doi.org/10.2307/1885703,Production Function
QJE,Efficient Wage Bargaining as a Repeated Game,https://doi.org/10.2307/2937811,Production Function
QJE,Factor and Commodity Prices in an Expanding Economy,https://doi.org/10.2307/1879378,Production Function
QJE,The Taking of Land: When Should Compensation Be Paid?,https://doi.org/10.2307/1885721,Production Function
QJE,"The Regional Distribution of Population, Migration, and Climate",https://doi.org/10.2307/1885501,Production Function
QJE,Should Marginal Tax Rates be Equalized Through Time?,https://doi.org/10.2307/2937933,Production Function
QJE,Dynamics of Waste Accumulation: Disposal versus Recycling,https://doi.org/10.2307/1882044,Production Function
QJE,Comparative Advantage and Optimal Trade Policy,https://doi.org/10.1093/qje/qjv007,Production Function
QJE,Centralized Versus Decentralized Resource Allocation: The Yugoslav “Laboratory”,https://doi.org/10.2307/1879600,Production Function
QJE,Redistributive Taxation in the Roy Model,https://doi.org/10.1093/qje/qjs076,Production Function
QJE,Monetary Non-neutrality in a Multisector Menu Cost Model,https://doi.org/10.1162/qjec.2010.125.3.961,Production Function
QJE,Trade and Productivity,https://doi.org/10.1162/0033553041382139,Production Function
QJE,The Marginal Product of Capital,https://doi.org/10.1162/qjec.122.2.535,Production Function
QJE,Factor Proportions and Comparative Advantage: Part II,https://doi.org/10.2307/1884229,Production Function
QJE,An Analysis of the Eckstein-Wilson Wage Determination Model,https://doi.org/10.2307/1880583,Production Function
QJE,Switching and Reswitching in a General Production Model,https://doi.org/10.2307/1885456,Production Function
QJE,The Simultaneous Determination of Spot and Futures Prices in a Simple Model with Production Risk,https://doi.org/10.2307/1885530,Production Function
QJE,A Study of an Income Expenditure Model,https://doi.org/10.2307/1881944,Production Function
QJE,Statistical Cost Analysis Revisited,https://doi.org/10.2307/1882601,Production Function
QJE,The Determinants of Real Cash Balances in the U.S. Total Manufacturing Sector,https://doi.org/10.2307/1883079,Production Function
QJE,"Optimal Spatial Policies, Geography, and Sorting",https://doi.org/10.1093/qje/qjaa001,Production Function
QJE,The Optimal Taxation of Foreign Source Investment Income,https://doi.org/10.2307/1884472,Production Function
QJE,On the Optimal Compensation of a Socialist Manager,https://doi.org/10.2307/1881791,Production Function
QJE,A Theory of Wage Dispersion and Job Market Segmentation,https://doi.org/10.2307/2937837,Production Function
QJE,The Labor Demand Curve is Downward Sloping: Reexamining the Impact of Immigration on the Labor Market,https://doi.org/10.1162/003355303322552810,Production Function
QJE,Returns to Capital in Microenterprises: Evidence from a Field Experiment,https://doi.org/10.1162/qjec.2008.123.4.1329,Production Function
QJE,Uncertainty and Stabilization Policies for a Nonlinear Macroeconomic Model,https://doi.org/10.2307/1880495,Production Function
QJE,"An Approach to the Study of Income, Utility, and Horizontal Equity",https://doi.org/10.2307/1884165,Production Function
QJE,Flexibility in Intercommodity Substitution May Sharpen Price Fluctuations,https://doi.org/10.2307/1885390,Production Function
QJE,The Costs of Protection and Self-Sufficiency,https://doi.org/10.2307/1882703,Production Function
QJE,The Long-Run Creditworthiness of Developing Countries: Theory and Practice,https://doi.org/10.2307/1885958,Production Function
QJE,Multiplicity of Equilibria and Comparative Statics,https://doi.org/10.2307/1885738,Production Function
QJE,"Job Discrimination, Market Forces, and the Invisibility Hypothesis",https://doi.org/10.2307/1884213,Production Function
QJE,Multiplicity of Equilibria and Comparative Statics,https://doi.org/10.2307/1885738,Production Function
QJE,Uncertainty in Future Government Spending and Investment,https://doi.org/10.2307/1885688,Production Function
QJE,Do Supply Curves Slope Up?,https://doi.org/10.2307/2118493,Production Function
QJE,"The Impact of Outsourcing and High-Technology Capital on Wages: Estimates For the United States, 1979–1990",https://doi.org/10.1162/003355399556179,Production Function
QJE,Private School Vouchers and Student Achievement: An Evaluation of the Milwaukee Parental Choice Program,https://doi.org/10.1162/003355398555685,Production Function
QJE,The Collapse of the Soviet Union and the Productivity of American Mathematicians*,https://doi.org/10.1093/qje/qjs015,Production Function
QJE,Currency Substitution and Foreign Inflation,https://doi.org/10.2307/1885574,Production Function
QJE,The Possibility of Equilibrium Under Monopolistic Competition,https://doi.org/10.2307/1882455,Production Function
QJE,Symposium: Economics of the New Left: Comment,https://doi.org/10.2307/1882049,Production Function
QJE,Substitution and Complementarity in Endogenous Innovation,https://doi.org/10.2307/2118408,Production Function
QJE,Alternative Theories of Wage Determination and Unemployment in LDC's: The Labor Turnover Model,https://doi.org/10.2307/1883069,Production Function
QJE,On the Indeterminacy of Equilibrium Exchange Rates,https://doi.org/10.2307/1882388,Production Function
QJE,A Note on Dynamic Tax Incidence,https://doi.org/10.2307/1880749,Production Function
QJE,A Summing Up,https://doi.org/10.2307/1882916,Production Function
QJE,A Disequilibrium Macroeconomic Model,https://doi.org/10.2307/1881711,Production Function
QJE,"Aggregate Demand, Idle Time, and Unemployment",https://doi.org/10.1093/qje/qjv006,Production Function
QJE,The Corporate Entrepreneur,https://doi.org/10.2307/1884841,Production Function
QJE,Trade and Insurance with Imperfectly Observed Outcomes,https://doi.org/10.2307/2937842,Production Function
QJE,"Proportionality, Divisibility, and Economies of Scale: Reply",https://doi.org/10.2307/1882738,Production Function
QJE,Will Wage Setters Ever Stagger Decisions?,https://doi.org/10.2307/1884182,Production Function
QJE,"Monetary Policy in an Inside-Money, Open Economy: Comment",https://doi.org/10.2307/1882395,Production Function
QJE,"Aggregate Demand, Idle Time, and Unemployment",https://doi.org/10.1093/qje/qjv006,Production Function
QJE,Manufacturing Revolutions: Industrial Policy and Industrialization in South Korea,https://doi.org/10.1093/qje/qjaf025,Production Function
QJE,Traded and Nontraded Intermediate Inputs and Some Aspects of the Pure Theory of International Trade,https://doi.org/10.2307/1884439,Production Function
QJE,On the Long-Run Steady State in a Simple Dynamic Model of Equilibrium with Heterogeneous Households,https://doi.org/10.2307/1885506,Production Function
QJE,International Prices and Endogenous Quality,https://doi.org/10.1093/qje/qju001,Production Function
QJE,Multinational Firms and International Business Cycle Transmission,https://doi.org/10.1093/qje/qjw043,Production Function
QJE,"Inputs, Incentives, and Complementarities in Education: Experimental Evidence from Tanzania",https://doi.org/10.1093/qje/qjz010,Production Function
QJE,"Local Economic Development, Agglomeration Economies, and the Big Push: 100 Years of Evidence from the Tennessee Valley Authority",https://doi.org/10.1093/qje/qjt034,Production Function
QJE,Computing Inequality: Have Computers Changed the Labor Market?,https://doi.org/10.1162/003355398555874,Production Function
QJE,The Allocation of Investment in a Dynamic Economy,https://doi.org/10.2307/1885580,Production Function
QJE,Indebted Demand,https://doi.org/10.1093/qje/qjab007,Production Function
QJE,A Theory of Economic Oscillations,https://doi.org/10.2307/1885551,Production Function
QJE,An Interplant Test of the Efficiency Wage Hypothesis,https://doi.org/10.2307/2937926,Production Function
QJE,Relative Wages and the Rate of Inflation,https://doi.org/10.2307/1880526,Production Function
QJE,The “New” Theory of Consumer Demand and Monopolistic Competition,https://doi.org/10.2307/1884693,Production Function
QJE,Discretionary Monetary Policy and Socially Efficient Wage Indexation,https://doi.org/10.2307/2118396,Production Function
QJE,"Tastes, Trade, and the Comparison of Structural Interdependence",https://doi.org/10.2307/1883014,Production Function
QJE,Self-Selection and Turnover in the Labor Market,https://doi.org/10.2307/1885325,Production Function
QJE,Dyke Maintenance and Other Stories: Some Neglected Types of Public Goods,https://doi.org/10.2307/2118503,Production Function
QJE,Discretionary Monetary Policy and Socially Efficient Wage Indexation,https://doi.org/10.2307/2118396,Production Function
QJE,"Tastes, Trade, and the Comparison of Structural Interdependence",https://doi.org/10.2307/1883014,Production Function
QJE,Self-Selection and Turnover in the Labor Market,https://doi.org/10.2307/1885325,Production Function
QJE,Dyke Maintenance and Other Stories: Some Neglected Types of Public Goods,https://doi.org/10.2307/2118503,Production Function
QJE,Asymmetry of Taxes and Subsidies in Regulating Stochastic Mishap,https://doi.org/10.2307/1882603,Production Function
QJE,Employment as an Element in the Wage bargain,https://doi.org/10.2307/1884393,Production Function
QJE,A Model of the “Managerial” Enterprise,https://doi.org/10.2307/1884399,Production Function
QJE,Systemic Crises and Growth,https://doi.org/10.1162/qjec.2008.123.1.359,Production Function
QJE,Growth in the Shadow of Expropriation,https://doi.org/10.1093/qje/qjr015,Production Function
QJE,A General Equilibrium Model of Sovereign Default and Business Cycles,https://doi.org/10.1093/qje/qjs009,Production Function
QJE,Injecting Charter School Best Practices into Traditional Public Schools: Evidence from Field Experiments,https://doi.org/10.1093/qje/qju011,Production Function
QJE,The Value of Waiting to Invest,https://doi.org/10.2307/1884175,Production Function
QJE,Classical and Keynesian Employment Theories: A Reconciliation,https://doi.org/10.2307/1880612,Production Function
QJE,On Some Unresolved Questions in Capital Theory: An Application of Samuelson's Correspondence Principle,https://doi.org/10.2307/1885418,Production Function
QJE,Welfare and Output With Income Effects and Taste Shocks,https://doi.org/10.1093/qje/qjac042,Production Function
QJE,The Skill Content of Recent Technological Change: An Empirical Exploration,https://doi.org/10.1162/003355303322552801,Production Function
QJE,What is Wrong with Economic Theory,https://doi.org/10.2307/1885256,Production Function
QJE,The Importance of Being First: Learning Price and Strategy,https://doi.org/10.2307/1885632,Production Function
QJE,"Raw Materials, Profits, and the Productivity Slowdown: Some Doubts",https://doi.org/10.2307/1884647,Production Function
QJE,Social Opportunity Costs and Immiserizing Growth: Some Observations on the Long Run Versus the Short,https://doi.org/10.2307/1880763,Production Function
QJE,"... 0033-5533/82/020353-10$02.00 354 QUA#0;#0;E#0;#0;Y #0;OU#0;#0;A#0; O#0; ECO#0;OMICS labor ..0 and capital W. Let the ith sector produce a commodity in amount Xi in accordance with a production function, (2.1) Xi = Fi(L i ,Ki ) i = u,r, which is assumed to be positively homogeneous of degree 1…",https://doi.org/10.1093/qje/75.3.508,Production Function
QJE,What Do Parents Value in Education? An Empirical Investigation of Parents' Revealed Preferences for Teachers,https://doi.org/10.1162/qjec.2007.122.4.1603,Production Function
QJE,Ethnic Divisions and Production in Firms,https://doi.org/10.1093/qje/qju028,Production Function
QJE,A Proposal for Extending the Theory of the Firm,https://doi.org/10.2307/1879501,Production Function
QJE,Wage and Employment Structure in an Economy with Internal Labor Markets,https://doi.org/10.2307/1883121,Production Function
QJE,"Asymmetric Tournaments, Equal Opportunity Laws, and Affirmative Action: Some Experimental Results",https://doi.org/10.2307/2118480,Production Function
QJE,"Imports, Exports, and Earnings Inequality: Measures of Exposure and Estimates of Incidence",https://doi.org/10.1093/qje/qjac012,Production Function
QJE,A History of Mechanization in the Cotton South: The Institutional Hypothesis,https://doi.org/10.2307/1885680,Production Function
QJE,Optimal Financial and Foreign-Exchange Liberalization of Less Developed Economies,https://doi.org/10.2307/1885566,Production Function
QJE,Personal and Job Characteristics as Determinants of Employee-Firm Contract Structure,https://doi.org/10.2307/1883194,Production Function
QJE,The Nature and Implications of the Reswitching of Techniques,https://doi.org/10.2307/1882914,Production Function
QJE,Complementarity and the Discount Rate for Public Investment,https://doi.org/10.2307/1885543,Production Function
QJE,The Riskless Rate of Interest and the Market Price of Risk,https://doi.org/10.2307/1885262,Production Function
QJE,A Model of Dual Labor Markets When Product Demand Is Uncertain,https://doi.org/10.2307/2937969,Production Function
QJE,Do Investment-Cash Flow Sensitivities Provide Useful Measures of Financing Constraints?,https://doi.org/10.1162/003355397555163,Production Function
QJE,Some Economic Growth Problems and the Part Population Policy Plays,https://doi.org/10.2307/1884429,Production Function
QJE,Stuart Wood and the Marginal Productivity Theory,https://doi.org/10.2307/1885053,Production Function
QJE,The Agricultural Productivity Gap,https://doi.org/10.1093/qje/qjt056,Production Function
QJE,Disaggregated Economic Accounts,https://doi.org/10.1093/qje/qjag010,Production Function
QJE,Learning Through Noticing: Theory and Evidence from a Field Experiment,https://doi.org/10.1093/qje/qju015,Production Function
QJE,Dualism and Macroeconomic Volatility,https://doi.org/10.1162/003355399556296,Production Function
QJE,"Wages, Profits, and Rent-Sharing",https://doi.org/10.2307/2946663,Production Function
QJE,Macroeconomic Effects of Regulation and Deregulation in Goods and Labor Markets,https://doi.org/10.1162/00335530360698450,Production Function
QJE,Consistent Wage Offer and Reservation Wage Distributions,https://doi.org/10.2307/2937916,Production Function
QJE,"The Relationships Between Money Cost, Investment, and the Rate of Return",https://doi.org/10.2307/1884269,Production Function
QJE,"Wages, Profit and Prices",https://doi.org/10.2307/1882402,Production Function
QJE,The Gains from Trade: An Analysis of Steady-State Solutions in an Open Economy,https://doi.org/10.2307/1884692,Production Function
QJE,Export Subsidies as an Outcome of the Management-Labor Conspiracy,https://doi.org/10.2307/2937900,Production Function
QJE,Private Markets in Public Goods (or Qualities),https://doi.org/10.2307/1885975,Production Function
QJE,Distributive Politics and Economic Growth,https://doi.org/10.2307/2118470,Production Function
QJE,The Management of Innovation,https://doi.org/10.2307/2118360,Production Function
QJE,Israel's Development: Past Accomplishments and Future Problems,https://doi.org/10.2307/1883204,Production Function
QJE,Ramsey Meets Laibson in the Neoclassical Growth Model,https://doi.org/10.1162/003355399556232,Production Function
QJE,Market Power and Spatial Competition in Rural India,https://doi.org/10.1093/qje/qjad004,Production Function
QJE,Interfirm Relationships and Business Performance,https://doi.org/10.1093/qje/qjx049,Production Function
QJE,The Rate of Interest Under Ideal Conditions,https://doi.org/10.2307/1882890,Production Function
QJE,Does Directed Innovation Mitigate Climate Damage? Evidence from U.S. Agriculture,https://doi.org/10.1093/qje/qjac039,Production Function
QJE,Competition and Innovation: an Inverted-U Relationship,https://doi.org/10.1093/qje/120.2.701,Production Function
QJE,Free Trade in “CORN”: A Statistical Study of the Prices and Production of Wheat in Great Britain from 1873 To 1914,https://doi.org/10.2307/1883830,Production Function
QJE,Imported Intermediate Inputs and Domestic Product Growth: Evidence from India,https://doi.org/10.1162/qjec.2010.125.4.1727,Production Function
QJE,"Cooperation, Productivity, and Profit Sharing",https://doi.org/10.2307/1884678,Production Function
QJE,The Structure of Wages,https://doi.org/10.2307/2118330,Production Function
QJE,A Supplementary Bibliography on Monopolistic Competition,https://doi.org/10.2307/1881771,Production Function
QJE,Sweat Equity in U.S. Private Business,https://doi.org/10.1093/qje/qjaa041,Production Function
QJE,"Immigration, Skill Mix, and Capital Skill Complementarity",https://doi.org/10.1093/qje/qjr011,Production Function
QJE,The Impact of Housing Assistance on Child Outcomes: Evidence from a Randomized Housing Lottery,https://doi.org/10.1093/qje/qju030,Production Function
QJE,Optimal Fiscal Policy with Redistribution,https://doi.org/10.1162/qjec.122.3.925,Production Function
QJE,"Changes in Relative Wages, 1963–1987: Supply and Demand Factors",https://doi.org/10.2307/2118323,Production Function
QJE,Industry Differences in the Level of Discrimination Against Women,https://doi.org/10.2307/1884425,Production Function
QJE,Some Problems in the Explanation of Interest Rates,https://doi.org/10.2307/1879562,Production Function
QJE,The Theory of Choice and the Constancy of Economic Laws,https://doi.org/10.2307/1881962,Production Function
QJE,The Impact of the Labor Market upon the Design and Selection of Productive Techniques within the Manufacturing Plant,https://doi.org/10.2307/1879602,Production Function
QJE,External Economies and International Trade Redux,https://doi.org/10.1162/qjec.2010.125.2.829,Production Function
QJE,"Industrial Structure, Urbanization, and the Growth Strategy of Socialist Countries",https://doi.org/10.2307/1884628,Production Function
QJE,Public Investment in LDC's with Recurrent Cost Constraint: The Kenyan Case,https://doi.org/10.2307/1883071,Production Function
QJE,"Clans, Guilds, and Markets: Apprenticeship Institutions and Growth in the Preindustrial Economy",https://doi.org/10.1093/qje/qjx026,Production Function
QJE,"Wage-Price Flexibility, Market Power, and the Cyclical Behavior of Real Wages, 1959–1980",https://doi.org/10.2307/2118395,Production Function
QJE,Segregated Schools and the Mobility Hypothesis: A Model of Local Government Discrimination,https://doi.org/10.2307/2937906,Production Function
QJE,Cooperative Control of International Pollution and Common Property Resources,https://doi.org/10.2307/1884696,Production Function
QJE,Development Strategy and Investment Criteria: Complementary or Competitive?,https://doi.org/10.2307/1880582,Production Function
QJE,"Resource Conservation, Environmental Preservation, and the Rate of Discount",https://doi.org/10.2307/1885257,Production Function
QJE,Economics and Value Judgments,https://doi.org/10.2307/1884389,Production Function
QJE,Workers' Trust Funds and the Logic of Wage Profiles,https://doi.org/10.2307/2937809,Production Function
QJE,The Taxation of Superstars,https://doi.org/10.1093/qje/qjw036,Production Function
QJE,Industrial Policies in Production Networks,https://doi.org/10.1093/qje/qjz024,Production Function
QJE,Optimal Taxation with Endogenous Insurance Markets,https://doi.org/10.1162/qjec.122.2.487,Production Function
QJE,Household Time Use among Older Couples: Evidence and Implications for Labor Supply Parameters,https://doi.org/10.1093/qje/qjy032,Production Function
QJE,Occupational Choice and the Spirit of Capitalism,https://doi.org/10.1162/qjec.2008.123.2.747,Production Function
QJE,Productivity Differences,https://doi.org/10.1162/00335530151144104,Production Function
QJE,Does Social Security Privatization Produce Efficiency Gains?,https://doi.org/10.1162/qjec.2007.122.4.1677,Production Function
QJE,Do Labor Market Policies have Displacement Effects? Evidence from a Clustered Randomized Experiment,https://doi.org/10.1093/qje/qjt001,Production Function
QJE,"The Investment Network, Sectoral Comovement, and the Changing U.S. Business Cycle",https://doi.org/10.1093/qje/qjab020,Production Function
QJE,A General Theory of Executive Compensation Based on Statistically Tested Propositions,https://doi.org/10.2307/1884268,Production Function
QJE,"Workings of a City: Location, Education, and Production",https://doi.org/10.2307/2118403,Production Function
QJE,Externalities in Economies with Imperfect Information and Incomplete Markets,https://doi.org/10.2307/1891114,Production Function
QJE,Renegotiation and Information Revelation Over Time: The Case of Optimal Labor Contracts,https://doi.org/10.2307/2937812,Production Function
QJE,Professor Knight on Limits to the Use of Capital,https://doi.org/10.2307/1882845,Production Function
QJE,A Theory of Competition Among Pressure Groups for Political Influence,https://doi.org/10.2307/1886017,Production Function
QJE,Two-Sector Growth with Endogenous Technical Change: A Marxian Simulation Model,https://doi.org/10.2307/2936140,Production Function
QJE,Demand Interrelations for Selected Agricultural Products,https://doi.org/10.2307/1882754,Production Function
QJE,Toward A General Theory Of Sales Tax Incidence,https://doi.org/10.2307/1885336,Production Function
QJE,"Marginal Analysis, Multi-Plant Firms, and Business Practice: An Example",https://doi.org/10.2307/1882150,Production Function
QJE,Investment Decision with a General Equilibrium Mean-Variance Approach,https://doi.org/10.2307/1882273,Production Function
QJE,Nonexpected Utility in Macroeconomics,https://doi.org/10.2307/2937817,Production Function
QJE,Exports and Economic Growth: The Case of Postwar Japan,https://doi.org/10.2307/1882045,Production Function
QJE,A General Theory of Executive Compensation Based on Statistically Tested Propositions,https://doi.org/10.2307/1884268,Production Function
QJE,"Workings of a City: Location, Education, and Production",https://doi.org/10.2307/2118403,Production Function
QJE,Externalities in Economies with Imperfect Information and Incomplete Markets,https://doi.org/10.2307/1891114,Production Function
QJE,Renegotiation and Information Revelation Over Time: The Case of Optimal Labor Contracts,https://doi.org/10.2307/2937812,Production Function
QJE,Export Performance and Export-Import Linkage Requirements,https://doi.org/10.2307/1885698,Production Function
QJE,Integrating Equity and Efficiency in Applied Welfare Economics,https://doi.org/10.2307/1885320,Production Function
QJE,Some Economic Aspects of Fissionable Material,https://doi.org/10.2307/1884447,Production Function
QJE,"Productivity, Real Wages, and Economic Growth",https://doi.org/10.2307/1884250,Production Function
QJE,Belief in a Just World and Redistributive Politics,https://doi.org/10.1162/qjec.2006.121.2.699,Production Function
QJE,News Shocks in Open Economies: Evidence from Giant Oil Discoveries,https://doi.org/10.1093/qje/qjw030,Production Function
QJE,An Extension of the Second Welfare Theorem to Economies with Nonconvexities and Public Goods,https://doi.org/10.2307/1885061,Production Function
QJE,The Heckscher-Ohlin-Samuelson Model with Implicit Contracts,https://doi.org/10.2307/1885685,Production Function
QJE,On the Cost of Adjustment,https://doi.org/10.2307/1882270,Production Function
QJE,Sovereign Debt Repurchases: No Cure for Overhang,https://doi.org/10.2307/2937962,Production Function
QJE,Economic Imperialism,https://doi.org/10.1162/003355300554683,Production Function
QJE,Human Capital Versus Sorting: The Effects of Compulsory Attendance Laws,https://doi.org/10.2307/1885699,Production Function
QJE,"Heterogeneous Preferences, Compensating Wage Differentials, and Comparable Worth",https://doi.org/10.2307/1884278,Production Function
QJE,Producer Surplus and Risk,https://doi.org/10.1093/qje/100.Supplement.853,Production Function
QJE,"Welfare Criteria, Pricing and Decentralization of a Public Service",https://doi.org/10.2307/1884668,Production Function
QJE,An Extension of the Second Welfare Theorem to Economies with Nonconvexities and Public Goods,https://doi.org/10.2307/1885061,Production Function
QJE,The Heckscher-Ohlin-Samuelson Model with Implicit Contracts,https://doi.org/10.2307/1885685,Production Function
QJE,On the Cost of Adjustment,https://doi.org/10.2307/1882270,Production Function
QJE,Sovereign Debt Repurchases: No Cure for Overhang,https://doi.org/10.2307/2937962,Production Function
QJE,The Geography of Unemployment,https://doi.org/10.1093/qje/qjad010,Production Function
QJE,Human Capital and Industrialization: Evidence from the Age of Enlightenment,https://doi.org/10.1093/qje/qjv025,Production Function
QJE,Sources of Intra-Industry Wage Dispersion: How Much Do Employers Matter?,https://doi.org/10.2307/2937931,Production Function
QJE,Economies of Scale in Cash Balances Reconsidered,https://doi.org/10.2307/1884809,Production Function
QJE,The More the Merrier? The Effect of Family Size and Birth Order on Children's Education,https://doi.org/10.1093/qje/120.2.669,Production Function
QJE,Investment Criteria for Economic Development and the Theory of Intertemporal Welfare Economics,https://doi.org/10.2307/1882296,Production Function
QJE,The Costs of Low Birth Weight,https://doi.org/10.1093/qje/120.3.1031,Production Function
QJE,Imperfect Risk Sharing and the Business Cycle,https://doi.org/10.1093/qje/qjad013,Production Function
QJE,Capital Obsolescence and Agricultural Productivity,https://doi.org/10.1093/qje/qjaa028,Production Function
QJE,The World Income Distribution,https://doi.org/10.1162/003355302753650355,Production Function
QJE,The Induced Innovation Hypothesis and Energy-Saving Technological Change,https://doi.org/10.1162/003355399556188,Production Function
QJE,Creative Destruction and Firm Organization Choice,https://doi.org/10.1162/003355300555051,Production Function
QJE,Monetary Independence and Rollover Crises,https://doi.org/10.1093/qje/qjab025,Production Function
QJE,The Growing Importance of Social Skills in the Labor Market,https://doi.org/10.1093/qje/qjx022,Production Function
QJE,The Costs of Low Birth Weight,https://doi.org/10.1093/qje/120.3.1031,Production Function
QJE,Imperfect Risk Sharing and the Business Cycle,https://doi.org/10.1093/qje/qjad013,Production Function
QJE,Capital Obsolescence and Agricultural Productivity,https://doi.org/10.1093/qje/qjaa028,Production Function
QJE,Welfare Aspects of International Trade in Goods and Securities,https://doi.org/10.2307/1883155,Production Function
QJE,Mr. Keynes on the Causes of Unemployment,https://doi.org/10.2307/1882505,Production Function
QJE,Are Prices Too Sticky?,https://doi.org/10.2307/2937808,Production Function
QJE,International Investment and International Trade in the Product Cycle,https://doi.org/10.2307/1880689,Production Function
QJE,Innovation and Industry Evolution,https://doi.org/10.2307/1885736,Production Function
QJE,"Vertical Integration: Scale Distortions, Partial Integration, and the Direction of Price Change",https://doi.org/10.2307/1884645,Production Function
QJE,"Technology, Profit Risk, and Assessments of Market Performance",https://doi.org/10.2307/1880803,Production Function
QJE,Employment and Industrialization in Developing Countries,https://doi.org/10.2307/1880581,Production Function
QJE,Causal Parameters and Policy Analysis in Economics: A Twentieth Century Retrospective,https://doi.org/10.1162/003355300554674,Production Function
QJE,Input Specificity and the Propagation of Idiosyncratic Shocks in Production Networks,https://doi.org/10.1093/qje/qjw018,Production Function
QJE,Labor Market Returns and the Evolution of Cognitive Skills: Theory and Evidence,https://doi.org/10.1093/qje/qjac022,Production Function
QJE,When Does the Market Matter? Stock Prices and the Investment of Equity-Dependent Firms,https://doi.org/10.1162/00335530360698478,Production Function
QJE,Implications of Skill-Biased Technological Change: International Evidence,https://doi.org/10.1162/003355398555892,Production Function
QJE,Human Capital and Development Accounting: New Evidence from Wage Gains at Migration,https://doi.org/10.1093/qje/qjx047,Production Function
QJE,Why Do New Technologies Complement Skills? Directed Technical Change and Wage Inequality,https://doi.org/10.1162/003355398555838,Production Function
QJE,"Foreign Know-How, Firm Control, and the Income of Developing Countries",https://doi.org/10.1162/qjec.2009.124.1.149,Production Function
QJE,Why Do New Technologies Complement Skills? Directed Technical Change and Wage Inequality,https://doi.org/10.1162/003355398555838,Production Function
QJE,School Inputs and Educational Outcomes in South Africa,https://doi.org/10.1162/003355399556124,Production Function
QJE,Financial Systems in Northern Thai Villages,https://doi.org/10.2307/2946647,Production Function
QJE,Taxation and Innovation in the Twentieth Century,https://doi.org/10.1093/qje/qjab022,Production Function
QJE,Barriers to Global Capital Allocation,https://doi.org/10.1093/qje/qjaf031,Production Function
QJE,Labor in the Boardroom,https://doi.org/10.1093/qje/qjaa038,Production Function
QJE,Some Notes on the Choice of Capital-Intensity in Development Planning,https://doi.org/10.2307/1885711,Production Function
QJE,The Existence of Marginal Cost Pricing Equilibria with Increasing Returns,https://doi.org/10.2307/1885105,Production Function
QJE,Confidence and the Real Value of Money in an Overlapping Generations Economy,https://doi.org/10.2307/1884677,Production Function
QJE,"J. S. Mill, Unions, and the Wages Fund Recantation: A Reinterpretation",https://doi.org/10.2307/1883178,Production Function
QJE,An Interindustry Analysis of Bargaining Outcomes: Preliminary Evidence from Two-Digit Industries,https://doi.org/10.2307/1885976,Production Function
QJE,The Basic Theory of Normal Prices,https://doi.org/10.2307/1891128,Production Function
QJE,On the Efficiency Price of Capital in a Dual Economy,https://doi.org/10.2307/1881823,Production Function
QJE,A Peek at the Tradeoff Relationship Between Expected Return and Risk,https://doi.org/10.2307/1884810,Production Function
QJE,"Employment, Growth and Price Levels: A Review Article",https://doi.org/10.2307/1883056,Production Function
QJE,A Behavioral Explanation for Nominal Wage Rigidity During the Great Depression,https://doi.org/10.2307/2937864,Production Function
QJE,Work and Welfare as Determinants of Female Poverty and Household Headship,https://doi.org/10.2307/1885875,Production Function
QJE,A Complete Capital Model Involving Heterogeneous Capital Goods,https://doi.org/10.2307/1881864,Production Function
QJE,The Economics of Export-Performance Requirements,https://doi.org/10.2307/1884221,Production Function
QJE,International Trade Puzzles: A Solution Linking Production and Preferences,https://doi.org/10.1093/qje/qju010,Production Function
QJE,Incentives for Managers and Inequality among Workers: Evidence from a Firm-Level Experiment,https://doi.org/10.1162/qjec.122.2.729,Production Function
QJE,"Investor Protection, Optimal Incentives, and Economic Growth",https://doi.org/10.1162/0033553041502171,Production Function
QJE,How Do Sex Ratios Affect Marriage and Labor Markets? Evidence from America's Second Generation,https://doi.org/10.1162/003355302760193940,Production Function
QJE,The Optimal Degree of Commitment to an Intermediate Monetary Target,https://doi.org/10.2307/1885679,Production Function
QJE,Comparative Dynamics in Aggregate Models of Optimal Capital Accumulation,https://doi.org/10.2307/1885682,Production Function
QJE,Social and Private Rates of Return from Industrial Innovations,https://doi.org/10.2307/1885415,Production Function
QJE,Finance and Growth: Schumpeter Might Be Right,https://doi.org/10.2307/2118406,Production Function
QJE,Underemployment Equilibrium with Rational Expectations,https://doi.org/10.2307/1882628,Production Function
QJE,"Evidence on Growth, Increasing Returns, and the Extent of the Market",https://doi.org/10.1162/003355399556205,Production Function
QJE,"Anticipations, Business Planning, and the Cycle",https://doi.org/10.2307/1882089,Production Function
QJE,Overstatement of Industrial Growth in Poland,https://doi.org/10.2307/1880655,Production Function
QJE,Commodity Bundling and Agenda Control in the Public Sector,https://doi.org/10.2307/1881780,Production Function
QJE,An Equilibrium Analysis of Optimal Unemployment Insurance and Taxation,https://doi.org/10.1093/qje/100.Supplement.989,Production Function
QJE,Investors' Time Horizon and the Inefficiency of Capital Markets,https://doi.org/10.2307/1884158,Production Function
QJE,"Output, Employment, Consumption, and Investment",https://doi.org/10.2307/1883321,Production Function
QJE,Multiproduct Firms and Trade Liberalization,https://doi.org/10.1093/qje/qjr021,Production Function
QJE,Trade and the Topography of the Spatial Economy,https://doi.org/10.1093/qje/qju016,Production Function
QJE,Teacher Quality and Learning Outcomes in Kindergarten,https://doi.org/10.1093/qje/qjw016,Production Function
QJE,Optimal Dividends and Corporate Growth under Uncertainty,https://doi.org/10.2307/1880545,Production Function
QJE,Multiproduct Firms and Trade Liberalization,https://doi.org/10.1093/qje/qjr021,Production Function
QJE,Trade and the Topography of the Spatial Economy,https://doi.org/10.1093/qje/qju016,Production Function
QJE,Teacher Quality and Learning Outcomes in Kindergarten,https://doi.org/10.1093/qje/qjw016,Production Function
QJE,All School Finance Equalizations are Not Created Equal,https://doi.org/10.1162/003355301753265552,Production Function
QJE,Estimating Welfare in Insurance Markets Using Variation in Prices,https://doi.org/10.1162/qjec.2010.125.3.877,Production Function
QJE,A Theory of Wage and Promotion Dynamics Inside Firms,https://doi.org/10.1162/003355399556287,Production Function
QJE,What Marshall Didn't Know: On the Twentieth Century's Contributions to Economics,https://doi.org/10.1162/003355300554656,Production Function
QJE,Wages and Employment in a Segmented Labor Market,https://doi.org/10.2307/1885677,Production Function
QJE,Equalizing Exchange: Trade Liberalization and Income Convergence,https://doi.org/10.2307/2118404,Production Function
QJE,A Positive Theory of Economics,https://doi.org/10.2307/1882745,Production Function
QJE,Inflexible Prices and Procyclical Productivity,https://doi.org/10.2307/2937876,Production Function
QJE,From Entry Barriers to Mobility Barriers: Conjectural Decisions and Contrived Deterrence to New Competition,https://doi.org/10.2307/1885416,Production Function
QJE,"Adverse Selection in the Market for Slaves: New Orleans, 1830–1860",https://doi.org/10.2307/1886022,Production Function
QJE,Expectations and Stability in Neo-Keynesian Growth Theory,https://doi.org/10.2307/1879373,Production Function
QJE,"The Turnip, the New Husbandry, and the English Agricultural Revolution",https://doi.org/10.2307/1880527,Production Function
QJE,Does Management Matter? Evidence from India,https://doi.org/10.1093/qje/qjs044,Production Function
QJE,The Origins of Technology-Skill Complementarity,https://doi.org/10.1162/003355398555720,Production Function
QJE,Relational Contracts and the Theory of the Firm,https://doi.org/10.1162/003355302753399445,Production Function
QJE,"Labor Supply Shocks, Native Wages, and the Adjustment of Local Employment",https://doi.org/10.1093/qje/qjw032,Production Function
QJE,Urbanization and Structural Transformation,https://doi.org/10.1093/qje/qjs003,Production Function
QJE,Relational Contracts and the Theory of the Firm,https://doi.org/10.1162/003355302753399445,Production Function
QJE,"Labor Supply Shocks, Native Wages, and the Adjustment of Local Employment",https://doi.org/10.1093/qje/qjw032,Production Function
QJE,Urbanization and Structural Transformation,https://doi.org/10.1093/qje/qjs003,Production Function
QJE,Relative-Price Changes as Aggregate Supply Shocks,https://doi.org/10.2307/2118514,Production Function
QJE,Economic Theory and the Meaning of Competition,https://doi.org/10.2307/1879604,Production Function
QJE,The Struggle for Commercial Bank Savings,https://doi.org/10.2307/1884187,Production Function
QJE,Monopolistic Recycling of Oil Revenue and Intertemporal Bias in Oil Depletion and Trade,https://doi.org/10.2307/1884371,Production Function
QJE,"Educational Subsidy, Agricultural Development, and Fertility Change",https://doi.org/10.2307/1882627,Production Function
QJE,"Commercial Policy, Allocative Efficiency, and “X-Efficiency”",https://doi.org/10.2307/1881943,Production Function
QJE,"Income Distribution, Market Size, and Industrialization",https://doi.org/10.2307/2937810,Production Function
QJE,Peer Effects with Random Assignment: Results for Dartmouth Roommates,https://doi.org/10.1162/00335530151144131,Production Function
QJE,Public and Private Returns from Joint Venture Research: An Example from Agriculture,https://doi.org/10.2307/1884644,Production Function
QJE,Schumpeter and Max Weber — Central Visions and Social Theories,https://doi.org/10.2307/1882704,Production Function
QJE,Neoclassical Theory and the Optimizing Peasant: An Econometric Analysis of Market Family Labor Supply in a Developing Country,https://doi.org/10.2307/1884603,Production Function
QJE,Fiscal Policy with Noncontingent Debt and the Optimal Maturity Structure,https://doi.org/10.1162/003355302760193977,Production Function
QJE,Enterprise and Profit,https://doi.org/10.2307/1885862,Production Function
QJE,"Inequality, the Urban-Rural Gap, and Migration*",https://doi.org/10.1093/qje/qjt025,Production Function
QJE,Do Voters Affect or Elect Policies? Evidence from the U. S. House,https://doi.org/10.1162/0033553041502153,Production Function
QJE,Agricultural Decisions after Relaxing Credit and Risk Constraints,https://doi.org/10.1093/qje/qju002,Production Function
QJE,Watering Down Environmental Regulation in China,https://doi.org/10.1093/qje/qjaa024,Production Function
QJE,"Inequality, the Urban-Rural Gap, and Migration*",https://doi.org/10.1093/qje/qjt025,Production Function
QJE,Do Voters Affect or Elect Policies? Evidence from the U. S. House,https://doi.org/10.1162/0033553041502153,Production Function
QJE,Welfare and Macroeconomic Interdependence,https://doi.org/10.1162/00335530151144069,Production Function
QJE,"Human Capital, Product Quality, and Growth",https://doi.org/10.2307/2937948,Production Function
QJE,Labor Contracts as Partial Gift Exchange,https://doi.org/10.2307/1885099,Production Function
QJE,Growth and Interdependence,https://doi.org/10.1162/003355397555127,Production Function
QJE,Current Accounts in Debtor and Creditor Countries,https://doi.org/10.1162/003355300555033,Production Function
QJE,Tax Subsidies to Owner-Occupied Housing: An Asset-Market Approach,https://doi.org/10.2307/1883123,Production Function
QJE,Have IRAs Increased U. S. Saving?: Evidence from Consumer Expenditure Surveys,https://doi.org/10.2307/2937894,Production Function
QJE,The Dynamics of Learning with Team Production: Implications for Task Assignment,https://doi.org/10.2307/2118359,Production Function
QJE,The Theory of Investment Once More: Mr. Boulding and the Austrians,https://doi.org/10.2307/1882342,Production Function
QJE,Consumer Demand and Equilibrium Unemployment in a Working Model of the Customer-Market Incentive-Wage Economy,https://doi.org/10.2307/2118372,Production Function
QJE,Complete Pass-Through in Levels,https://doi.org/10.1093/qje/qjag014,Production Function
QJE,Simulation and Long-Range Planning for Resource Allocation,https://doi.org/10.2307/1880817,Production Function
QJE,Economic Growth in a Cross Section of Countries,https://doi.org/10.2307/2937943,Production Function
QJE,"The Quarterly Journal of Economics, Volume 106, Issue 2, May 1991, Pages 407–443, https://doi.org/10.2307/2937943",.,Production Function
QJE,Cost-Minimizing Number of Firms and Determination of Industry Structure,https://doi.org/10.2307/1883153,Production Function
QJE,The Quality and Efficiency of Public and Private Firms: Evidence from Ambulance Services,https://doi.org/10.1093/qje/qjac014,Production Function
QJE,Putting Quantitative Models to the Test: An Application to the U.S.-China Trade War,https://doi.org/10.1093/qje/qjae041,Production Function
QJE,"Why did the Elites Extend the Suffrage? Democracy and the Scope of Government, with an Application to Britain's “Age of Reform”",https://doi.org/10.1162/0033553041382175,Production Function
QJE,Negotiating a Better Future: How Interpersonal Skills Facilitate Intergenerational Investment,https://doi.org/10.1093/qje/qjz039,Production Function
QJE,"The Theory of Marginal Productivity Tested by Data for Manufacturing in Victoria, II",https://doi.org/10.2307/1881733,Production Function
QJE,Finance and the Preservation of Wealth,https://doi.org/10.1093/qje/qju012,Production Function
QJE,North-South Trade and the Environment,https://doi.org/10.2307/2118421,Production Function
QJE,Distance Inputs and the Space-Economy Part II: The Locational Equilibrium of the Firm,https://doi.org/10.2307/1882220,Production Function
QJE,"Automation and Rent Dissipation: Implications for Wages, Inequality, and Productivity",https://doi.org/10.1093/qje/qjag006,Production Function
QJE,On the Long-Run Evolution of Inheritance: France 1820–2050,https://doi.org/10.1093/qje/qjr020,Production Function
QJE,Religious Competition and Reallocation: the Political Economy of Secularization in the Protestant Reformation,https://doi.org/10.1093/qje/qjy011,Production Function
QJE,Use It or Lose It: Efficiency and Redistributional Effects of Wealth Taxation,https://doi.org/10.1093/qje/qjac047,Production Function
QJE,Measuring Welfare and Inequality with Incomplete Price Information,https://doi.org/10.1093/qje/qjad037,Production Function
QJE,Dollar Dominance and the Transmission of Monetary Policy,https://doi.org/10.1093/qje/qjaf043,Production Function
QJE,Optimal Income Transfer Programs: Intensive versus Extensive Labor Supply Responses,https://doi.org/10.1162/003355302760193959,Production Function
QJE,Economic Implications of Aircraft,https://doi.org/10.2307/1884823,Production Function
QJE,Short-Term versus Long-Term Interests: Capital Structure with Multiple Investors,https://doi.org/10.2307/2118356,Production Function
QJE,Abortion Legalization and Child Living Circumstances: Who is the “Marginal Child”?,https://doi.org/10.1162/003355399556007,Production Function
QJE,A Model of Imperfect Competition with Keynesian Features,https://doi.org/10.2307/1882629,Production Function
QJE,The Creation and Capture of Rents: Wages and Innovation in a Panel of U. K. Companies,https://doi.org/10.2307/2946662,Production Function
QJE,Wage Rates as a Barrier to Entry: The Pennington Case in Perspective,https://doi.org/10.2307/1882246,Production Function
QJE,Changes in the Demand for Skilled Labor within U. S. Manufacturing: Evidence from the Annual Survey of Manufactures,https://doi.org/10.2307/2118467,Production Function
QJE,The Optimal Distribution of Income,https://doi.org/10.2307/1882268,Production Function
QJE,Parental Guidance and Supervised Learning,https://doi.org/10.1162/qjec.2008.123.3.1161,Production Function
QJE,Stockholdings of Officers and Directors in American Industrial Corporations,https://doi.org/10.2307/1891096,Production Function
QJE,A Model of Imperfect Competition with Keynesian Features,https://doi.org/10.2307/1882629,Production Function
QJE,The Creation and Capture of Rents: Wages and Innovation in a Panel of U. K. Companies,https://doi.org/10.2307/2946662,Production Function
QJE,Wage Rates as a Barrier to Entry: The Pennington Case in Perspective,https://doi.org/10.2307/1882246,Production Function
QJE,Changes in the Demand for Skilled Labor within U. S. Manufacturing: Evidence from the Annual Survey of Manufactures,https://doi.org/10.2307/2118467,Production Function
QJE,The Optimal Distribution of Income,https://doi.org/10.2307/1882268,Production Function
QJE,Parental Guidance and Supervised Learning,https://doi.org/10.1162/qjec.2008.123.3.1161,Production Function
QJE,Buyers’ Sourcing Strategies and Suppliers’ Markups in Bangladeshi Garments,https://doi.org/10.1093/qje/qjad026,Production Function
QJE,How Does Your Kindergarten Classroom Affect Your Earnings? Evidence from Project Star,https://doi.org/10.1093/qje/qjr041,Production Function
QJE,Moral Hazard: Experimental Evidence from Tenancy Contracts,https://doi.org/10.1093/qje/qjy023,Production Function
QJE,"New Pricing Models, Same Old Phillips Curves?",https://doi.org/10.1093/qje/qjad041,Production Function
QJE,Trading Nontradables: The Implications of Europe’s Job-Posting Policy,https://doi.org/10.1093/qje/qjad032,Production Function
QJE,Disorganization,https://doi.org/10.1162/003355300555439,Production Function
QJE,Zipf's Law for Cities: An Explanation,https://doi.org/10.1162/003355399556133,Production Function
QJE,"Partisan Competition, Growth, and the Franchise",https://doi.org/10.1093/qje/120.3.1155,Production Function
QJE,Long-Term Effects of Class Size,https://doi.org/10.1093/qje/qjs048,Production Function
QJE,Estimation of Optimum Size of Plant by the Survivor Technique,https://doi.org/10.2307/1884320,Production Function
QJE,Golden Eggs and Hyperbolic Discounting,https://doi.org/10.1162/003355397555253,Production Function
QJE,Some Fundamentals in the Theory of Velocity,https://doi.org/10.2307/1884085,Production Function
QJE,"Foreign Competition, Market Power, and Wage Inequality",https://doi.org/10.2307/2946649,Production Function
QJE,Disorganization,https://doi.org/10.1162/003355300555439,Production Function
QJE,Zipf's Law for Cities: An Explanation,https://doi.org/10.1162/003355399556133,Production Function
QJE,"Partisan Competition, Growth, and the Franchise",https://doi.org/10.1093/qje/120.3.1155,Production Function
QJE,"Why Did the West Extend the Franchise? Democracy, Inequality, and Growth in Historical Perspective",https://doi.org/10.1162/003355300555042,Production Function
QJE,Immigrating to Opportunity: Estimating the Effect of School Quality Using a Natural Experiment on Ethiopians in Israel,https://doi.org/10.1162/0033553041382193,Production Function
QJE,"Monetary Discretion, Pricing Complementarity, and Dynamic Multiple Equilibria",https://doi.org/10.1162/0033553042476170,Production Function
QJE,Journal Article,https://doi.org/10.2307/1883316,Production Function
QJE,The Role of the Structural Transformation in Aggregate Productivity,https://doi.org/10.1162/qjec.2010.125.1.129,Production Function
QJE,Identifying Government Spending Shocks: It's all in the Timing*,https://doi.org/10.1093/qje/qjq008,Production Function
QJE,Do Public Schools Hire the Best Applicants?,https://doi.org/10.2307/2946659,Production Function
QJE,The Internal Economics of the Firm: Evidence from Personnel Data,https://doi.org/10.2307/2118351,Production Function
QJE,Progressive Estate Taxation,https://doi.org/10.1162/qjec.2010.125.2.635,Production Function
QJE,Inflation Dynamics and Time-Varying Volatility: New Evidence and an Ss Interpretation,https://doi.org/10.1093/qje/qjt027,Production Function
QJE,The Establishment-Level Behavior of Vacancies and Hiring,https://doi.org/10.1093/qje/qjt002,Production Function
QJE,Mother's Education and the Intergenerational Transmission of Human Capital: Evidence from College Openings,https://doi.org/10.1162/003355303322552856,Production Function
QJE,The Soviet Price Reform Discussion,https://doi.org/10.2307/1880544,Production Function
QJE,The Life Cycle of Plants in India and Mexico,https://doi.org/10.1093/qje/qju014,Production Function
QJE,Misallocation and Manufacturing TFP in China and India,https://doi.org/10.1162/qjec.2009.124.4.1403,Production Function
QJE,Chernobyl's Subclinical Legacy: Prenatal Exposure to Radioactive Fallout and School Outcomes in Sweden,https://doi.org/10.1162/qjec.2009.124.4.1729,Production Function
QJE,Using Maimonides' Rule to Estimate the Effect of Class Size on Scholastic Achievement,https://doi.org/10.1162/003355399556061,Production Function
QJE,Chernobyl's Subclinical Legacy: Prenatal Exposure to Radioactive Fallout and School Outcomes in Sweden,https://doi.org/10.1162/qjec.2009.124.4.1729,Production Function
QJE,Using Maimonides' Rule to Estimate the Effect of Class Size on Scholastic Achievement,https://doi.org/10.1162/003355399556061,Production Function
QJE,Can Falling Supply Explain the Rising Return to College for Younger Men? A Cohort-Based Analysis,https://doi.org/10.1162/00335530151144140,Production Function
QJE,Time-Inconsistent Preferences and Social Security,https://doi.org/10.1162/003355303321675509,Production Function
QJE,Price Setting during Low and High Inflation: Evidence from Mexico,https://doi.org/10.1162/qjec.2009.124.3.1221,Production Function
QJE,Joseph Alois Schumpeter 1883–1950,https://doi.org/10.2307/1884555,Production Function
QJE,Politics and Efficiency of Separating Capital and Ordinary Government Budgets,https://doi.org/10.1093/qje/121.4.1167,Production Function
QJE,"Earnings Dynamics, Changing Job Skills, and STEM Careers",https://doi.org/10.1093/qje/qjaa021,Production Function
QJE,The Macroeconomic Impact of Climate Change: Global Versus Local Temperature,https://doi.org/10.1093/qje/qjag011,Production Function
QJE,The Impact of Legalized Abortion on Crime,https://doi.org/10.1162/00335530151144050,Production Function
QJE,Institutional Investors and Stock Market Volatility,https://doi.org/10.1162/qjec.2006.121.2.461,Production Function
QJE,Does Entry Regulation Hinder Job Creation? Evidence from the French Retail Industry,https://doi.org/10.1162/003355302320935052,Production Function
QJE,Ghost-House Busters: The Electoral Response to a Large Anti–Tax Evasion Program,https://doi.org/10.1093/qje/qjv041,Production Function
QJE,Cash and the Economy: Evidence from India’s Demonetization,https://doi.org/10.1093/qje/qjz027,Production Function
QJE,Rethinking the Effects of Financial Globalization,https://doi.org/10.1093/qje/qjw010,Production Function
QJE,Learning by Drilling: Interfirm Learning and Relationship Persistence in the Texas Oilpatch,https://doi.org/10.1093/qje/qjr039,Production Function
QJE,The Firm as a Dedicated Hierarchy: A Theory of the Origins and Growth of Firms,https://doi.org/10.1162/00335530152466241,Production Function
QJE,"Trade, Quality Upgrading, and Wage Inequality in the Mexican Manufacturing Sector",https://doi.org/10.1162/qjec.2008.123.2.489,Production Function
QJE,On the Timing and Efficiency of Creative Destruction,https://doi.org/10.2307/2946673,Production Function
QJE,Social Preferences and the Response to Incentives: Evidence from Personnel Data,https://doi.org/10.1093/qje/120.3.917,Production Function
QJE,How Wide Is the Firm Border?,https://doi.org/10.1093/qje/qjz026,Production Function
QJE,"Lemon Technologies and Adoption: Measurement, Theory and Evidence from Agricultural Markets in Uganda",https://doi.org/10.1093/qje/qjx009,Production Function
QJE,The Impact of Legalized Abortion on Crime,https://doi.org/10.1162/00335530151144050,Production Function
QJE,Institutional Investors and Stock Market Volatility,https://doi.org/10.1162/qjec.2006.121.2.461,Production Function
QJE,Does Entry Regulation Hinder Job Creation? Evidence from the French Retail Industry,https://doi.org/10.1162/003355302320935052,Production Function
QJE,Ghost-House Busters: The Electoral Response to a Large Anti–Tax Evasion Program,https://doi.org/10.1093/qje/qjv041,Production Function
QJE,Cash and the Economy: Evidence from India’s Demonetization,https://doi.org/10.1093/qje/qjz027,Production Function
QJE,Rethinking the Effects of Financial Globalization,https://doi.org/10.1093/qje/qjw010,Production Function
QJE,Frequency of Price Adjustment and Pass-Through,https://doi.org/10.1162/qjec.2010.125.2.675,Production Function
QJE,The Effect of Financial Development on Convergence: Theory and Evidence,https://doi.org/10.1162/0033553053327515,Production Function
QJE,"The Price of Housing in the United States, 1890–2006",https://doi.org/10.1093/qje/qjaf047,Production Function
QJE,"Muslim Family Law, Prenuptial Agreements, and the Emergence of Dowry in Bangladesh",https://doi.org/10.1162/qjec.2010.125.3.1349,Production Function
QJE,The Theory of Distribution,https://doi.org/10.2307/1882785,Production Function
QJE,The Value of School Facility Investments: Evidence from a Dynamic Regression Discontinuity Design,https://doi.org/10.1162/qjec.2010.125.1.215,Production Function
QJE,Uncertainty Traps,https://doi.org/10.1093/qje/qjx021,Production Function
QJE,Does Head Start Improve Children's Life Chances? Evidence from a Regression Discontinuity Design,https://doi.org/10.1162/qjec.122.1.159,Production Function
QJE,Economics and Politics of Alternative Institutional Reforms,https://doi.org/10.1162/qjec.2008.123.3.1197,Production Function
QJE,The Effects of Foreign Multinationals on Workers and Firms in the United States,https://doi.org/10.1093/qje/qjab015,Production Function
QJE,Measuring the Equilibrium Impacts of Credit: Evidence from the Indian Microfinance Crisis,https://doi.org/10.1093/qje/qjab016,Production Function
QJE,Micro MPCs and Macro Counterfactuals: The Case of the 2008 Rebates,https://doi.org/10.1093/qje/qjaf015,Production Function
QJE,Wages and Human Capital in the U.S. Finance Industry: 1909–2006*,https://doi.org/10.1093/qje/qjs030,Production Function
QJE,"The More We Die, The More We Sell? A Simple Test of the Home-Market Effect",https://doi.org/10.1093/qje/qjz003,Production Function
QJE,Moving to Opportunity in Boston: Early Results of a Randomized Mobility Experiment,https://doi.org/10.1162/00335530151144113,Production Function
QJE,The Turning Point in the Japanese Economy,https://doi.org/10.2307/1879513,Production Function
QJE,Marriage Institutions and Sibling Competition: Evidence from South Asia*,https://doi.org/10.1093/qje/qjt011,Production Function
QJE,Generating Skilled Self-Employment in Developing Countries: Experimental Evidence from Uganda,https://doi.org/10.1093/qje/qjt057,Production Function
QJE,"Technological Innovation, Resource Allocation, and Growth",https://doi.org/10.1093/qje/qjw040,Production Function
QJE,Diversification Through Trade,https://doi.org/10.1093/qje/qjz028,Production Function
QJE,Worker Beliefs About Outside Options,https://doi.org/10.1093/qje/qjae001,Production Function
QJE,Trust and Social Collateral,https://doi.org/10.1162/qjec.2009.124.3.1307,Production Function
QJE,Portage and Path Dependence,https://doi.org/10.1093/qje/qjs011,Production Function
QJE,Economic Agents as Imperfect Problem Solvers,https://doi.org/10.1093/qje/qjac027,Production Function
QJE,Competition and Relational Contracts in the Rwanda Coffee Chain,https://doi.org/10.1093/qje/qjaa048,Production Function
QJE,Financial Market Risk Perceptions and the Macroeconomy,https://doi.org/10.1093/qje/qjaa009,Production Function
QJE,The Aggregate Effect of School Choice: Evidence from a Two-Stage Experiment in India,https://doi.org/10.1093/qje/qjv013,Production Function
QJE,The Harvard Department of Economics from the Beginning to World War II,https://doi.org/10.2307/1885870,Production Function
QJE,Labor Markets and Poverty in Village Economies,https://doi.org/10.1093/qje/qjx003,Production Function
QJE,"Information, Misallocation, and Aggregate Productivity",https://doi.org/10.1093/qje/qjw006,Production Function
QJE,Who’s Afraid of the Minimum Wage? Measuring the Impacts on Independent Businesses Using Matched U.S. Tax Returns,https://doi.org/10.1093/qje/qjaf053,Production Function
QJE,The Economic Consequences of Increasing Sleep Among the Urban Poor,https://doi.org/10.1093/qje/qjab013,Production Function
QJE,Does Movie Violence Increase Violent Crime?,https://doi.org/10.1162/qjec.2009.124.2.677,Production Function
QJE,Railroads and American Economic Growth: A “Market Access” Approach,https://doi.org/10.1093/qje/qjw002,Production Function
QJE,Rare Disasters and Exchange Rates,https://doi.org/10.1093/qje/qjv040,Production Function
QJE,Capital Accumulation and Structural Transformation,https://doi.org/10.1093/qje/qjz044,Production Function
QJE,Love and Money: A Theoretical and Empirical Analysis of Household Sorting and Inequality,https://doi.org/10.1162/0033553053327498,Production Function
QJE,Hours and Wages,https://doi.org/10.1093/qje/qjac005,Production Function
QJE,Distributional National Accounts: Methods and Estimates for the United States,https://doi.org/10.1093/qje/qjx043,Production Function
QJE,Strategic Default in the International Coffee Market,https://doi.org/10.1093/qje/qjz004,Production Function
QJE,A Unified Theory of Firm Selection and Growth,https://doi.org/10.1093/qje/qjv039,Production Function
QJE,The Impacts of Neighborhoods on Intergenerational Mobility II: County-Level Estimates,https://doi.org/10.1093/qje/qjy006,Production Function
QJE,The Economic Impacts of COVID-19: Evidence from a New Public Database Built Using Private Sector Data,https://doi.org/10.1093/qje/qjad048,Production Function
QJE,Was Weber Wrong? A Human Capital Theory of Protestant Economic History,https://doi.org/10.1162/qjec.2009.124.2.531,Production Function
QJE,The Diffusion of New Technologies,https://doi.org/10.1093/qje/qjaf002,Production Function
QJE,Frontier Knowledge and Scientific Production: Evidence from the Collapse of International Science,https://doi.org/10.1093/qje/qjx046,Production Function
QJE,Income Segregation and Intergenerational Mobility Across Colleges in the United States,https://doi.org/10.1093/qje/qjaa005,Production Function
QJE,The Making of the Modern Metropolis: Evidence from London,https://doi.org/10.1093/qje/qjaa014,Production Function
QJE,Supply Chain Disruptions: Evidence from the Great East Japan Earthquake,https://doi.org/10.1093/qje/qjaa044,Production Function
QJE,Old Boys’ Clubs and Upward Mobility Among the Educational Elite,https://doi.org/10.1093/qje/qjab047,Production Function
QJE,Monetary Policy and Sovereign Risk in Emerging Economies (NK-Default),https://doi.org/10.1093/qje/qjag012,Production Function
